model,model_test_scores,fit_time,crossval_train_score,crossval_test_score,crossval_train_minus_test
Decision Tree,0.8740312611802968,1.6742766857147218,0.887,0.887,0.001
Random Forest,0.867274635682371,69.918,0.885,0.884,0.0
AdaBoost,0.8757245740198321,55.145,0.889,0.889,0.0