,model,model_test_scores
0,Decision Tree,0.9009423049359156
0,AdaBoost,0.8801931967321929
