model,model_test_scores,fit_time,crossval_train_score,crossval_test_score,crossval_train_minus_test
Decision Tree,0.8740312611802968,1.9966253280639648,0.8872696802959998,0.8866006921629594,0.0006689881330403935
Random Forest,0.867274635682371,69.91839008331299,0.8849140416020944,0.8844883995628802,0.0004256420392142468
AdaBoost,0.8613333514375343,55.14519138336182,0.8893450550581665,0.8890220419028214,0.00032301315534510877
