n_estimators,learning_rate,test_score,train_score,max_depth,fit_time
19,0.85,0.7033396013967012,0.7037146639516404,2,60.95218300819397
