n_estimators,learning_rate,test_score,train_score,max_depth,fit_time
19,0.86,0.6929861993311313,0.6930195839139646,2,50.83849301338196
