n_estimators,learning_rate,test_score,train_score,max_depth,fit_time
19,0.89,0.6971493501897726,0.6977807773846333,2,50.76917815208435
