n_estimators,learning_rate,test_score,train_score,max_depth,fit_time
19,0.87,0.6897580302736489,0.6898674580790404,2,50.626236295700075
