n_estimators,learning_rate,test_score,train_score,max_depth,fit_time
19,0.94,0.7172597599771808,0.7175289486347836,2,49.63998579978943
