n_estimators,learning_rate,test_score,train_score,max_depth,fit_time
19,0.92,0.6781547536962904,0.6788033016331037,2,50.727895450592044
