n_estimators,learning_rate,test_score,train_score,max_depth,fit_time
19,0.93,0.6899412906274772,0.690850593695834,2,50.32968645095825
