n_estimators,learning_rate,test_score,train_score,max_depth,fit_time
19,0.91,0.6820154404483557,0.6825323573101582,2,50.71832609176636
