n_estimators,learning_rate,test_score,train_score,max_depth,fit_time
19,0.9,0.686374103631185,0.6869578592060065,2,50.77410941123962
