n_estimators,learning_rate,test_score,train_score,max_depth,fit_time
19,0.88,0.8141803979958594,0.8147463632040168,3,69.12519183158875
