n_estimators,learning_rate,test_score,train_score,max_depth,fit_time
19,0.85,0.8088280071387107,0.809454082019658,3,69.42325539588929
