n_estimators,learning_rate,test_score,train_score,max_depth,fit_time
19,0.86,0.81545622920934,0.8161613787870763,3,69.30306668281555
