n_estimators,learning_rate,test_score,train_score,max_depth,fit_time
19,0.89,0.8183536170859348,0.8191084135106298,3,69.14195184707641
