n_estimators,learning_rate,test_score,train_score,max_depth,fit_time
19,0.87,0.8240796827921045,0.8247152139779544,3,69.41652293205262
