n_estimators,learning_rate,test_score,train_score,max_depth,fit_time
19,0.93,0.8253994141343289,0.8262551737724717,3,68.73496899604797
