n_estimators,learning_rate,test_score,train_score,max_depth,fit_time
19,0.9,0.8322320257998387,0.83295635193613,3,68.73924283981323
