n_estimators,learning_rate,test_score,train_score,max_depth,fit_time
19,0.91,0.8317999187579159,0.8324676736678092,3,68.9343276977539
