n_estimators,learning_rate,test_score,train_score,max_depth,fit_time
19,0.94,0.8356548876006323,0.8362256929808074,3,67.67724418640137
