n_estimators,learning_rate,test_score,train_score,max_depth,fit_time
19,0.92,0.8176368046959421,0.8183883570598713,3,68.924924659729
