n_estimators,learning_rate,test_score,train_score,max_depth,fit_time
19,0.88,0.8912520882763939,0.8916061140488433,4,87.28084254264832
