n_estimators,learning_rate,test_score,train_score,max_depth,fit_time
19,0.86,0.8904131546680135,0.8907092302491242,4,86.80275912284851
