n_estimators,learning_rate,test_score,train_score,max_depth,fit_time
19,0.85,0.8916937850879808,0.8920890306846397,4,87.80903115272523
