n_estimators,learning_rate,test_score,train_score,max_depth,fit_time
19,0.89,0.8880484801249523,0.8884344066068829,4,86.7778860092163
