n_estimators,learning_rate,test_score,train_score,max_depth,fit_time
19,0.91,0.8866656222574354,0.8870839690115055,4,86.75995631217957
