n_estimators,learning_rate,test_score,train_score,max_depth,fit_time
19,0.94,0.886367078383438,0.8867328487929118,4,84.82922887802124
