n_estimators,learning_rate,test_score,train_score,max_depth,fit_time
19,0.92,0.8844968692142483,0.8848600337938558,4,86.28222198486328
