n_estimators,learning_rate,test_score,train_score,max_depth,fit_time
20,0.88,0.6960150316794114,0.6967091999967056,2,52.390847492218015
