n_estimators,learning_rate,test_score,train_score,max_depth,fit_time
20,0.93,0.6941897447707449,0.6952457213664398,2,52.06967539787293
