n_estimators,learning_rate,test_score,train_score,max_depth,fit_time
20,0.9,0.6905497340416206,0.6913267883595916,2,52.332937479019165
