n_estimators,learning_rate,test_score,train_score,max_depth,fit_time
20,0.92,0.6784296114357822,0.679044411006514,2,52.815307426452634
