n_estimators,learning_rate,test_score,train_score,max_depth,fit_time
20,0.85,0.8086188391538973,0.8092623789355852,3,71.49873342514039
