n_estimators,learning_rate,test_score,train_score,max_depth,fit_time
20,0.87,0.8075024169083098,0.8080430375205239,3,71.65911164283753
