n_estimators,learning_rate,test_score,train_score,max_depth,fit_time
20,0.91,0.8049515225175219,0.805329855174025,3,71.03917384147644
