n_estimators,learning_rate,test_score,train_score,max_depth,fit_time
20,0.94,0.8053549378117459,0.8060447379354944,3,71.21895499229431
