n_estimators,learning_rate,test_score,train_score,max_depth,fit_time
20,0.92,0.8028828563720435,0.8035695801900904,3,71.33500175476074
