n_estimators,learning_rate,test_score,train_score,max_depth,fit_time
20,0.9,0.8140609546698897,0.8143618743819625,3,71.15127658843994
