n_estimators,learning_rate,test_score,train_score,max_depth,fit_time
20,0.85,0.8902556573201565,0.8907005974651107,4,90.1695258140564
