n_estimators,learning_rate,test_score,train_score,max_depth,fit_time
20,0.86,0.8912166781538569,0.8915067204847066,4,89.46229376792908
