n_estimators,learning_rate,test_score,train_score,max_depth,fit_time
20,0.93,0.8826346515017789,0.882985236962187,4,89.27339072227478
