n_estimators,learning_rate,test_score,train_score,max_depth,fit_time
20,0.91,0.8799467069523622,0.8803526934067586,4,89.19868731498718
