n_estimators,learning_rate,test_score,train_score,max_depth,fit_time
21,0.88,0.6987162989893344,0.6995651287061528,2,54.696242570877075
