n_estimators,learning_rate,test_score,train_score,max_depth,fit_time
21,0.87,0.6936628815130119,0.6939292659997394,2,54.50618753433228
