n_estimators,learning_rate,test_score,train_score,max_depth,fit_time
21,0.9,0.6933557687334941,0.6940270970822564,2,58.33330063819885
