n_estimators,learning_rate,test_score,train_score,max_depth,fit_time
21,0.92,0.6785606516800602,0.6794167842594465,2,58.96862120628357
