n_estimators,learning_rate,test_score,train_score,max_depth,fit_time
21,0.91,0.6859500573299951,0.6865397979479898,2,60.373821115493776
