n_estimators,learning_rate,test_score,train_score,max_depth,fit_time
21,0.89,0.8084041086764561,0.8089761118014428,3,80.6415774345398
