n_estimators,learning_rate,test_score,train_score,max_depth,fit_time
21,0.85,0.8072924480855811,0.8079352211517374,3,74.98930501937866
