n_estimators,learning_rate,test_score,train_score,max_depth,fit_time
21,0.88,0.8032309587571002,0.8039369707406685,3,74.98338079452515
