n_estimators,learning_rate,test_score,train_score,max_depth,fit_time
21,0.92,0.8035143801571941,0.804124324320151,3,82.11432709693909
