n_estimators,learning_rate,test_score,train_score,max_depth,fit_time
21,0.88,0.887006361164287,0.8873782548252935,4,93.64922957420349
