n_estimators,learning_rate,test_score,train_score,max_depth,fit_time
21,0.89,0.8841036780760227,0.8845149969394492,4,101.32396426200867
