n_estimators,learning_rate,test_score,train_score,max_depth,fit_time
21,0.87,0.8889669165914335,0.8893855858902378,4,93.48912258148194
