n_estimators,learning_rate,test_score,train_score,max_depth,fit_time
21,0.85,0.8893615655995444,0.8897549105854559,4,94.0374240398407
