n_estimators,learning_rate,test_score,train_score,max_depth,fit_time
21,0.91,0.881752157898457,0.8821576381515073,4,101.96062650680543
