n_estimators,learning_rate,test_score,train_score,max_depth,fit_time
21,0.92,0.8816784792188826,0.8819241196320465,4,102.48790273666381
