max_leaf_nodes,max_depth,test_score,train_score,train_minus_test
19,9,0.8981078715289812,0.8986995527567936,0.0005916812278123906
19,10,0.8981078715289812,0.8986995527567936,0.0005916812278123906
