max_leaf_nodes,max_depth,test_score,train_score,train_minus_test
19,3,0.8490414755930491,0.8494205853960326,0.0003791098029835016
