n_estimators,criterion,max_depth,test_score,train_score,fit_time
19,mae,2,0.7359708160289298,0.7627786064529427,[0.29503894 0.28540421 0.29307389 0.2950232  0.30830216]
