n_estimators,criterion,max_depth,test_score,train_score,fit_time
19,mse,2,0.7654064159484191,0.8002207703136601,[0.03640795 0.03270578 0.0315361  0.03223705 0.03243494]
