n_estimators,criterion,max_depth,test_score,train_score,fit_time
19,mae,3,0.8069417076422573,0.8423812906628848,[0.42015409 0.40897322 0.40437889 0.40279293 0.39136195]
