n_estimators,criterion,max_depth,test_score,train_score,fit_time
19,mse,3,0.8125967947585204,0.8609859683247801,[0.04371881 0.04070711 0.03924084 0.03798676 0.03762197]
