n_estimators,criterion,max_depth,test_score,train_score,fit_time
19,mae,4,0.8405437452616438,0.8909148442661303,[0.48905087 0.4681983  0.47095108 0.46662307 0.45422888]
