n_estimators,criterion,max_depth,test_score,train_score,fit_time
19,mse,4,0.8391068309639671,0.893873485660432,[0.04800892 0.04517674 0.04471493 0.04530215 0.04848385]
