n_estimators,criterion,max_depth,test_score,train_score,fit_time
19,mse,5,0.8504420981359029,0.9131279757461119,[0.05454612 0.05473709 0.05253506 0.05299401 0.05275679]
