n_estimators,criterion,max_depth,test_score,train_score,fit_time
20,mae,2,0.7356447136736314,0.7633487081831192,[0.31848598 0.31210208 0.29800177 0.30941081 0.31346893]
