n_estimators,criterion,max_depth,test_score,train_score,fit_time
20,mse,2,0.7672787076181817,0.8004649798350988,[0.03810096 0.03514218 0.03585887 0.03675508 0.03541088]
