n_estimators,criterion,max_depth,test_score,train_score,fit_time
20,mae,3,0.807495778080564,0.8422367490160761,[0.42804503 0.40709782 0.39711499 0.41301107 0.38655114]
