n_estimators,criterion,max_depth,test_score,train_score,fit_time
20,mse,3,0.8130839527197304,0.8605337494680393,[0.04377007 0.04304004 0.04284716 0.0424912  0.04369688]
