n_estimators,criterion,max_depth,test_score,train_score,fit_time
20,mae,4,0.8405459770158761,0.8908038571021143,[0.52020907 0.48638964 0.49390912 0.49230194 0.46748495]
