n_estimators,criterion,max_depth,test_score,train_score,fit_time
20,mae,5,0.8537545721822195,0.9148187373185394,[0.57546806 0.55827093 0.57990813 0.58372402 0.57166505]
