n_estimators,criterion,max_depth,test_score,train_score,fit_time
20,mse,5,0.8521094140115789,0.9132533055457962,[0.05697823 0.05531693 0.0561831  0.05712533 0.05538106]
