n_estimators,criterion,max_depth,test_score,train_score,fit_time
21,mae,2,0.7371571268587495,0.7640196446475975,[0.33208609 0.32942796 0.33236599 0.33921695 0.33481097]
