n_estimators,criterion,max_depth,test_score,train_score,fit_time
21,mse,2,0.7671407529413968,0.8007201746819522,[0.04000401 0.03679419 0.03662896 0.03902578 0.03734994]
