n_estimators,criterion,max_depth,test_score,train_score,fit_time
21,mse,3,0.8134383874551212,0.8620909900474725,[0.04554796 0.04544902 0.04516697 0.04380393 0.04503989]
