n_estimators,criterion,max_depth,test_score,train_score,fit_time
21,mae,3,0.8078680433862709,0.8428908095744132,[0.44703484 0.45307279 0.42337513 0.43055725 0.40391397]
