n_estimators,criterion,max_depth,test_score,train_score,fit_time
21,mae,4,0.8401706263520277,0.8911859586657245,[0.54387999 0.53916192 0.5272119  0.51023793 0.54075503]
