n_estimators,criterion,max_depth,test_score,train_score,fit_time
21,mae,5,0.8541076174384203,0.9151313556940879,[0.62654281 0.59396315 0.59223604 0.59014893 0.57886887]
