n_estimators,criterion,max_depth,test_score,train_score,fit_time
21,mse,5,0.8517846918166262,0.9137176011178166,[0.06416082 0.06421208 0.06102514 0.06328607 0.06323409]
