n_estimators,criterion,max_depth,test_score,train_score,fit_time
22,mae,2,0.7378076120995051,0.764489121880841,[0.34476781 0.34084773 0.32660413 0.34416485 0.34236217]
