n_estimators,criterion,max_depth,test_score,train_score,fit_time
22,mse,2,0.7672030579826924,0.8012608493385663,[0.04412103 0.04051995 0.03863811 0.03889203 0.04026914]
