n_estimators,criterion,max_depth,test_score,train_score,fit_time
22,mse,3,0.8138681679016708,0.8621935124844429,[0.04831409 0.04872537 0.04701114 0.04727602 0.04697657]
