n_estimators,criterion,max_depth,test_score,train_score,fit_time
22,mae,3,0.8085524851201459,0.8431492267780542,[0.46132708 0.44899511 0.44632983 0.45528197 0.44048786]
