n_estimators,criterion,max_depth,test_score,train_score,fit_time
22,mae,4,0.8402287939165461,0.8914283733407311,[0.58474398 0.58343291 0.57700992 0.57052588 0.55024981]
