n_estimators,criterion,max_depth,test_score,train_score,fit_time
22,mse,4,0.8406712544886409,0.8946548620393271,[0.05531907 0.05365181 0.05431199 0.05505395 0.05327892]
