n_estimators,criterion,max_depth,test_score,train_score,fit_time
22,mae,5,0.8540758615728622,0.915185068928365,[0.66345501 0.64195418 0.61419106 0.60588598 0.59770179]
