n_estimators,criterion,max_depth,test_score,train_score,fit_time
22,mse,5,0.8513752289628016,0.9137307364668897,[0.06481719 0.06420088 0.06542325 0.06304169 0.06335783]
