n_estimators,criterion,max_depth,test_score,train_score,fit_time
23,mae,2,0.737291448033544,0.7651419434238935,[0.35946274 0.35173988 0.34346175 0.36753511 0.35805273]
