n_estimators,criterion,max_depth,test_score,train_score,fit_time
23,mse,2,0.7670572710956185,0.80080730109661,[0.04552722 0.04329991 0.04362297 0.044168   0.04224372]
