n_estimators,criterion,max_depth,test_score,train_score,fit_time
23,mse,3,0.8136811880678507,0.8618846643408288,[0.05086112 0.05041313 0.04910803 0.04834485 0.04847813]
