n_estimators,criterion,max_depth,test_score,train_score,fit_time
23,mae,3,0.8083896841353783,0.8431355856009993,[0.49823999 0.47666311 0.50154901 0.49779892 0.46659899]
