n_estimators,criterion,max_depth,test_score,train_score,fit_time
23,mae,4,0.8404325004574877,0.8914037933985632,[0.60735679 0.58527327 0.58663583 0.59594011 0.56916404]
