n_estimators,criterion,max_depth,test_score,train_score,fit_time
23,mse,4,0.8409278428068244,0.8946406825284823,[0.05749393 0.05683184 0.05733919 0.05672097 0.05568099]
