n_estimators,criterion,max_depth,test_score,train_score,fit_time
23,mse,5,0.8513034369424621,0.9134748909187589,[0.06541705 0.06391406 0.06378102 0.06324911 0.06285095]
