n_estimators,criterion,max_depth,test_score,train_score,fit_time
23,mae,5,0.8544819184932659,0.914996463185911,[0.65998602 0.64725709 0.63561487 0.64215517 0.61723018]
