n_estimators,criterion,max_depth,test_score,train_score,fit_time
24,mae,2,0.7366156195253731,0.7636614550494532,[0.38065815 0.37614512 0.36671209 0.3693769  0.35622597]
