n_estimators,criterion,max_depth,test_score,train_score,fit_time
24,mse,2,0.7668941642938986,0.8005259761374217,[0.04479504 0.04226899 0.04402208 0.04228401 0.04197502]
