n_estimators,criterion,max_depth,test_score,train_score,fit_time
24,mae,3,0.8075692341426789,0.8425989616729211,[0.50124598 0.48073506 0.48886132 0.4903481  0.46443701]
