n_estimators,criterion,max_depth,test_score,train_score,fit_time
24,mse,4,0.8412274265282363,0.894744605346547,[0.06178212 0.05849385 0.06024408 0.06005692 0.06020021]
