n_estimators,criterion,max_depth,test_score,train_score,fit_time
24,mae,5,0.8532507870366141,0.9150348981198464,[0.68797207 0.66639113 0.66040707 0.66076326 0.62858796]
