n_estimators,criterion,max_depth,test_score,train_score,fit_time
25,mae,2,0.73657602757634,0.7625432429022915,[0.37379503 0.36557078 0.37200785 0.39369392 0.38612604]
