n_estimators,criterion,max_depth,test_score,train_score,fit_time
25,mse,2,0.7659649636180699,0.8002002681691465,[0.04499412 0.04067087 0.04060411 0.04488778 0.04092503]
