n_estimators,criterion,max_depth,test_score,train_score,fit_time
25,mse,3,0.812420072455064,0.8616446818104236,[0.05361104 0.05035901 0.04823208 0.04870915 0.05064011]
