n_estimators,criterion,max_depth,test_score,train_score,fit_time
25,mse,4,0.8405081700865822,0.8947121527591346,[0.06328201 0.0571909  0.05923772 0.05681682 0.05710101]
