n_estimators,criterion,max_depth,test_score,train_score,fit_time
25,mae,4,0.8395382095930838,0.8909081491619754,[0.62048507 0.61473608 0.61738801 0.59646797 0.57889485]
