n_estimators,criterion,max_depth,test_score,train_score,fit_time
25,mse,5,0.8520525583328397,0.9133964231759997,[0.07164478 0.06943917 0.07031322 0.06975698 0.06949687]
