n_estimators,criterion,max_depth,test_score,train_score,fit_time
26,mae,2,0.7364540687371424,0.7622465325564408,[0.40601611 0.39192486 0.39678168 0.40774226 0.39542198]
