n_estimators,criterion,max_depth,test_score,train_score,fit_time
26,mse,2,0.7659075385148014,0.8003671339722432,[0.04716587 0.04680872 0.04562902 0.04606891 0.05108285]
