n_estimators,criterion,max_depth,test_score,train_score,fit_time
26,mae,3,0.8082808401276786,0.8425900350762294,[0.54705071 0.52626204 0.54508686 0.52916193 0.50525999]
