n_estimators,criterion,max_depth,test_score,train_score,fit_time
26,mae,4,0.8397744564599519,0.8910724615756844,[0.67002201 0.63654304 0.62803721 0.62119508 0.60661292]
