n_estimators,criterion,max_depth,test_score,train_score,fit_time
26,mse,5,0.8516119409673191,0.9137504408853074,[0.07365513 0.07375002 0.07170105 0.0739572  0.07291222]
