n_estimators,criterion,max_depth,test_score,train_score,fit_time
27,mse,2,0.7661264410044785,0.8005181789841844,[0.04935503 0.04766321 0.04676294 0.04808688 0.04872489]
