n_estimators,criterion,max_depth,test_score,train_score,fit_time
27,mae,2,0.7367615110520529,0.7625141016806104,[0.42205811 0.40925717 0.40763307 0.42066193 0.39142108]
