n_estimators,criterion,max_depth,test_score,train_score,fit_time
27,mae,3,0.8086129927003762,0.8429586881872886,[0.5633719  0.53468013 0.55697107 0.53211212 0.52315593]
