n_estimators,criterion,max_depth,test_score,train_score,fit_time
27,mse,3,0.8121698320807959,0.8618637595486959,[0.05977821 0.05704093 0.0561161  0.05750513 0.05913329]
