n_estimators,criterion,max_depth,test_score,train_score,fit_time
27,mae,4,0.840243396783465,0.8915677275288371,[0.68475199 0.67012978 0.65054607 0.64787078 0.63020492]
