n_estimators,criterion,max_depth,test_score,train_score,fit_time
27,mse,4,0.8410028717862156,0.8949249868839658,[0.06939983 0.06536794 0.06472898 0.06532478 0.06522107]
