n_estimators,criterion,max_depth,test_score,train_score,fit_time
27,mse,5,0.8520515355879997,0.9138895819397422,[0.07533097 0.07645011 0.07386923 0.07439017 0.07403207]
