n_estimators,criterion,max_depth,test_score,train_score,fit_time
27,mae,5,0.8531319430004132,0.9150418709513746,[0.7665627  0.75777912 0.73097706 0.74879503 0.70451093]
