n_estimators,criterion,max_depth,test_score,train_score,fit_time
28,mae,2,0.7386715412476683,0.7636193583664689,[0.43565893 0.42042303 0.42529583 0.43041396 0.42125297]
