n_estimators,criterion,max_depth,test_score,train_score,fit_time
28,mse,3,0.8124048953802372,0.8618288959790448,[0.06001306 0.06021404 0.06037402 0.05901289 0.05921292]
