n_estimators,criterion,max_depth,test_score,train_score,fit_time
28,mae,3,0.8088939569849523,0.8427016620124558,[0.58396316 0.56742287 0.56612897 0.56219101 0.53967786]
