n_estimators,criterion,max_depth,test_score,train_score,fit_time
28,mae,4,0.8400917810976564,0.8914817031089385,[0.70699692 0.68850207 0.67457223 0.66428685 0.66134405]
