n_estimators,criterion,max_depth,test_score,train_score,fit_time
28,mse,5,0.8521665228635849,0.913650576082883,[0.07785201 0.07815504 0.07745194 0.07873893 0.07899284]
