n_estimators,criterion,max_depth,test_score,train_score,fit_time
29,mse,2,0.7668996737174856,0.8002872763816813,[0.05311894 0.05030918 0.05123687 0.04996705 0.05086899]
