n_estimators,criterion,max_depth,test_score,train_score,fit_time
29,mae,2,0.739261619544078,0.7634070076499198,[0.44855976 0.43661213 0.44613099 0.44338202 0.42865109]
