n_estimators,criterion,max_depth,test_score,train_score,fit_time
29,mse,3,0.8136703936747705,0.86222662308608,[0.06232405 0.05980706 0.06076431 0.06035089 0.05997801]
