n_estimators,criterion,max_depth,test_score,train_score,fit_time
29,mae,3,0.8091415294261244,0.8424809109892488,[0.60519195 0.58344507 0.59034991 0.5709908  0.56269217]
