n_estimators,criterion,max_depth,test_score,train_score,fit_time
29,mae,4,0.8397511177670014,0.8914494787487348,[0.72449422 0.70763874 0.70506716 0.69749808 0.67133284]
