n_estimators,criterion,max_depth,test_score,train_score,fit_time
29,mse,4,0.8422467301848251,0.895077094962445,[0.07336092 0.07045603 0.07047439 0.06977415 0.07119489]
