n_estimators,criterion,max_depth,test_score,train_score,fit_time
29,mae,5,0.852488118402098,0.9148621472230992,[0.81319809 0.81705809 0.78186679 0.78779697 0.76037192]
