n_estimators,criterion,max_depth,test_score,train_score,fit_time
30,mae,2,0.7399648321299068,0.7638936442881509,[0.46985602 0.45204401 0.46018982 0.46355104 0.4547298 ]
