n_estimators,criterion,max_depth,test_score,train_score,fit_time
30,mse,2,0.7678128537301443,0.8010976731383067,[0.05529189 0.05400991 0.0587821  0.05237412 0.05248904]
