n_estimators,criterion,max_depth,test_score,train_score,fit_time
30,mae,3,0.8095651678757504,0.843117050483406,[0.62426639 0.59957576 0.60988092 0.59247398 0.60748696]
