n_estimators,criterion,max_depth,test_score,train_score,fit_time
30,mse,3,0.813557129545436,0.8619123867985273,[0.06423402 0.06279516 0.06289911 0.06376314 0.06331301]
