n_estimators,criterion,max_depth,test_score,train_score,fit_time
30,mae,4,0.8403173634713899,0.8914531478102834,[0.76271987 0.74326301 0.71028304 0.72691298 0.69751596]
