n_estimators,criterion,max_depth,test_score,train_score,fit_time
30,mse,5,0.8533283431456027,0.9137225417345297,[0.08459306 0.08435106 0.08212495 0.08382201 0.08236814]
