n_estimators,criterion,max_depth,test_score,train_score,fit_time
31,mae,2,0.7387078212475576,0.7624067768787899,[0.48287892 0.46578789 0.47586894 0.46515512 0.45617676]
