n_estimators,criterion,max_depth,test_score,train_score,fit_time
31,mse,3,0.8128829799168548,0.8619009410296007,[0.06716704 0.06474328 0.06567931 0.06427598 0.06554604]
