n_estimators,criterion,max_depth,test_score,train_score,fit_time
31,mae,3,0.809630498571928,0.8427031441020268,[0.64502883 0.62239265 0.62137794 0.61123681 0.59794998]
