n_estimators,criterion,max_depth,test_score,train_score,fit_time
31,mae,4,0.8397172621426803,0.8913645059238033,[0.77105689 0.76611805 0.73723435 0.7357161  0.72467709]
