n_estimators,criterion,max_depth,test_score,train_score,fit_time
31,mae,5,0.8525499783113057,0.9151091605053041,[0.8751142  0.87574315 0.83132505 0.84466028 0.81268191]
