n_estimators,criterion,max_depth,test_score,train_score,fit_time
31,mse,5,0.8528634421308334,0.9139126946036157,[0.0868969  0.08694077 0.08555913 0.08599496 0.08676791]
