n_estimators,criterion,max_depth,test_score,train_score,fit_time
32,mae,2,0.7375942793012472,0.7618957432310132,[0.49724817 0.47738481 0.50373292 0.48835802 0.49508524]
