n_estimators,criterion,max_depth,test_score,train_score,fit_time
32,mse,2,0.767906553085527,0.8011159013862026,[0.05739617 0.05669093 0.05616689 0.05559397 0.05646014]
