n_estimators,criterion,max_depth,test_score,train_score,fit_time
32,mse,3,0.8133062835764454,0.8624512036389976,[0.0676837  0.06601191 0.06812596 0.06638622 0.06617808]
