n_estimators,criterion,max_depth,test_score,train_score,fit_time
32,mae,3,0.8097580599668742,0.8426187303891914,[0.67479897 0.64361191 0.64128494 0.63155389 0.62252307]
