n_estimators,criterion,max_depth,test_score,train_score,fit_time
32,mae,4,0.8397582681382307,0.8917255445474543,[0.79452586 0.78701377 0.75376606 0.76562214 0.7410388 ]
