n_estimators,criterion,max_depth,test_score,train_score,fit_time
32,mse,4,0.8417929454803443,0.8951885357473188,[0.07952094 0.07867599 0.07804179 0.07731199 0.07718611]
