n_estimators,criterion,max_depth,test_score,train_score,fit_time
32,mse,5,0.8531238667151033,0.9141723050950763,[0.08811688 0.08739209 0.0874989  0.08701897 0.08734107]
