n_estimators,criterion,max_depth,test_score,train_score,fit_time
32,mae,5,0.8527798144976165,0.9152179729069545,[0.89409304 0.90017605 0.85060501 0.86651015 0.83583498]
