n_estimators,criterion,max_depth,test_score,train_score,fit_time
33,mae,2,0.7373668125910673,0.76121263341254,[0.51185989 0.49311805 0.50232506 0.50168133 0.48021197]
