n_estimators,criterion,max_depth,test_score,train_score,fit_time
33,mse,2,0.7670767743905644,0.8011914619887616,[0.06029606 0.05715728 0.05714631 0.05682302 0.05668306]
