n_estimators,criterion,max_depth,test_score,train_score,fit_time
33,mse,3,0.8128618205372786,0.8625942042316821,[0.07048106 0.06877327 0.06988573 0.06863499 0.06889391]
