n_estimators,criterion,max_depth,test_score,train_score,fit_time
33,mae,4,0.840154242487783,0.8920173846974239,[0.82560587 0.81979108 0.77708387 0.78453302 0.77249599]
