n_estimators,criterion,max_depth,test_score,train_score,fit_time
33,mae,5,0.8524836580863437,0.9152930601866848,[0.9297359  0.92707419 0.87383389 0.89047384 0.86037302]
