n_estimators,criterion,max_depth,test_score,train_score,fit_time
33,mse,5,0.8526111057091776,0.9142285022307602,[0.09139204 0.09092712 0.08938503 0.08995891 0.09025669]
