n_estimators,criterion,max_depth,test_score,train_score,fit_time
34,mse,2,0.7668147365043986,0.8015310531457184,[0.06018114 0.05779362 0.05898285 0.05842686 0.05846286]
