n_estimators,criterion,max_depth,test_score,train_score,fit_time
34,mae,3,0.8084438606733592,0.842437353503113,[0.71227813 0.69706178 0.67615986 0.68317413 0.65894675]
