n_estimators,criterion,max_depth,test_score,train_score,fit_time
34,mse,3,0.8126540692990106,0.8626906991127749,[0.07390809 0.07128096 0.07117105 0.07114601 0.07045197]
