n_estimators,criterion,max_depth,test_score,train_score,fit_time
34,mse,4,0.8410127871185173,0.8954062316180307,[0.08371115 0.08327127 0.08283591 0.08264089 0.08189487]
