n_estimators,criterion,max_depth,test_score,train_score,fit_time
34,mae,4,0.8399502529995402,0.8920636184625079,[0.86434197 0.84292603 0.80003786 0.81278467 0.79842019]
