n_estimators,criterion,max_depth,test_score,train_score,fit_time
34,mae,5,0.8532719402281508,0.9153744906642952,[0.95016885 0.95508194 0.91784501 0.92515874 0.89837098]
