n_estimators,criterion,max_depth,test_score,train_score,fit_time
34,mse,5,0.8524277368502462,0.9143263173827734,[0.09487891 0.09467506 0.09383225 0.09326792 0.09452319]
