n_estimators,criterion,max_depth,test_score,train_score,fit_time
35,mse,2,0.767017138286224,0.802076713334545,[0.06638598 0.06930017 0.06545401 0.06965113 0.06298423]
