n_estimators,criterion,max_depth,test_score,train_score,fit_time
35,mae,2,0.7375461064906522,0.7618100346028386,[0.54081893 0.51891208 0.53598309 0.51913476 0.51818776]
