n_estimators,criterion,max_depth,test_score,train_score,fit_time
35,mae,3,0.8085800337956126,0.8428885064086018,[0.73417091 0.71454787 0.69893408 0.68484807 0.67598224]
