n_estimators,criterion,max_depth,test_score,train_score,fit_time
35,mse,3,0.8120053119343711,0.8626372013980269,[0.07592988 0.07341194 0.07385612 0.07178497 0.07330203]
