n_estimators,criterion,max_depth,test_score,train_score,fit_time
35,mse,4,0.8401048292480423,0.8952969253264298,[0.08553314 0.08508587 0.08446789 0.08411098 0.08484912]
