n_estimators,criterion,max_depth,test_score,train_score,fit_time
35,mae,4,0.8394589723605905,0.8920803916630314,[0.8595531  0.86058307 0.81628895 0.83442211 0.81261182]
