n_estimators,criterion,max_depth,test_score,train_score,fit_time
35,mae,5,0.8524514048909287,0.9154466605778001,[0.98815227 0.98150086 0.93247104 0.95144892 0.92248988]
