n_estimators,criterion,max_depth,test_score,train_score,fit_time
35,mse,5,0.8516262662137674,0.9141726600041367,[0.09692097 0.09806013 0.09842181 0.09704661 0.09542394]
