n_estimators,criterion,max_depth,test_score,train_score,fit_time
36,mse,2,0.7664993488707335,0.8019764250453371,[0.06592917 0.06747508 0.06534791 0.06249022 0.06313133]
