n_estimators,criterion,max_depth,test_score,train_score,fit_time
36,mae,2,0.7377914974332878,0.7627607166742767,[0.55722928 0.53744364 0.55733132 0.54662275 0.52381516]
