n_estimators,criterion,max_depth,test_score,train_score,fit_time
36,mse,3,0.8120078432600406,0.8627170676143722,[0.07731009 0.07789302 0.07495618 0.07578588 0.07504797]
