n_estimators,criterion,max_depth,test_score,train_score,fit_time
36,mae,5,0.8522022708997566,0.915488665239832,[1.00827098 1.01352692 0.95536017 0.98522592 0.95008826]
