n_estimators,criterion,max_depth,test_score,train_score,fit_time
36,mse,5,0.8519632550947887,0.9143839741948818,[0.10129499 0.10010195 0.10005999 0.09996605 0.09928203]
