n_estimators,criterion,max_depth,test_score,train_score,fit_time
37,mae,2,0.7380603837532591,0.7628714996933222,[0.60005212 0.55769801 0.57532883 0.56190705 0.54812503]
