n_estimators,criterion,max_depth,test_score,train_score,fit_time
37,mse,3,0.8119646886238719,0.8627445784492235,[0.07856607 0.07774162 0.07883787 0.07780099 0.07742882]
