n_estimators,criterion,max_depth,test_score,train_score,fit_time
37,mse,4,0.8401476339606659,0.8954527917526507,[0.09740591 0.08957815 0.09040904 0.08979297 0.09644794]
