n_estimators,criterion,max_depth,test_score,train_score,fit_time
37,mae,4,0.8388213111417702,0.8919923613116778,[0.91887593 0.91428089 0.87344313 0.89281106 0.86818194]
