n_estimators,criterion,max_depth,test_score,train_score,fit_time
37,mse,5,0.8519210782697286,0.9143981384440159,[0.10266519 0.10082507 0.10556579 0.10232902 0.10180497]
