n_estimators,criterion,max_depth,test_score,train_score,fit_time
37,mae,5,0.8518294446580649,0.9155173857826607,[1.03736806 1.0394249  0.99295402 1.00777292 0.98442173]
