n_estimators,criterion,max_depth,test_score,train_score,fit_time
38,mse,2,0.7671118152425649,0.8023287840829191,[0.07035708 0.06815529 0.06775904 0.06727505 0.06763506]
