n_estimators,criterion,max_depth,test_score,train_score,fit_time
38,mae,2,0.7385838050546021,0.7632682896730032,[0.60005212 0.57954097 0.59077096 0.57411718 0.56175804]
