n_estimators,criterion,max_depth,test_score,train_score,fit_time
38,mae,3,0.8077294284780752,0.8424345302445626,[0.78815007 0.77909994 0.76586962 0.76012993 0.75257301]
