n_estimators,criterion,max_depth,test_score,train_score,fit_time
38,mse,3,0.8112226388840125,0.8629163794168324,[0.08291101 0.08185506 0.08288097 0.08052206 0.08223987]
