n_estimators,criterion,max_depth,test_score,train_score,fit_time
38,mae,4,0.8376497350222536,0.8921125663821006,[0.95146513 0.92802215 0.89798093 0.90367413 0.88449001]
