n_estimators,criterion,max_depth,test_score,train_score,fit_time
38,mse,4,0.8397004591648205,0.8953937915915777,[0.09547496 0.09395313 0.09420371 0.09215593 0.09463716]
