n_estimators,criterion,max_depth,test_score,train_score,fit_time
38,mae,5,0.8510663664932678,0.9155937367002362,[1.05969381 1.06439495 1.01500797 1.04390216 1.01213789]
