n_estimators,criterion,max_depth,test_score,train_score,fit_time
38,mse,5,0.8518109006294481,0.9142915252296542,[0.10593104 0.10430813 0.10479021 0.10416508 0.10417795]
