n_estimators,criterion,max_depth,test_score,train_score,fit_time
39,mae,2,0.7387241908781522,0.763133343965697,[0.60873008 0.58126116 0.59872603 0.57121301 0.57868886]
