n_estimators,criterion,max_depth,test_score,train_score,fit_time
39,mse,2,0.7675202095882032,0.8028947513128563,[0.06950712 0.06870317 0.06959724 0.0680089  0.06970692]
