n_estimators,criterion,max_depth,test_score,train_score,fit_time
39,mse,3,0.8117500046572985,0.8632243436818021,[0.08358383 0.08256817 0.08249617 0.08164597 0.08189106]
