n_estimators,criterion,max_depth,test_score,train_score,fit_time
39,mae,3,0.8076598612546718,0.8429665888589566,[0.8106451  0.80117488 0.77360511 0.76327896 0.76563907]
