n_estimators,criterion,max_depth,test_score,train_score,fit_time
39,mse,4,0.8402949042043535,0.8954949133070411,[0.09882593 0.09796405 0.09714508 0.09443998 0.09630275]
