n_estimators,criterion,max_depth,test_score,train_score,fit_time
39,mae,5,0.851468031574379,0.9157897529590461,[1.08862901 1.08871198 1.04584813 1.06481481 1.03958082]
