n_estimators,criterion,max_depth,test_score,train_score,fit_time
40,mse,2,0.7680187442105537,0.8037302349272124,[0.07168984 0.07009268 0.07120514 0.07019424 0.07045293]
