n_estimators,criterion,max_depth,test_score,train_score,fit_time
40,mae,3,0.8075988655474442,0.8431492426274805,[0.86619806 0.8545301  0.80214334 0.80928206 0.79812098]
