n_estimators,criterion,max_depth,test_score,train_score,fit_time
40,mse,4,0.8402303435352408,0.8953735387215909,[0.09848499 0.09999323 0.09691405 0.09820294 0.09717393]
