n_estimators,criterion,max_depth,test_score,train_score,fit_time
40,mse,5,0.8523312212772151,0.9142956544832062,[0.10915399 0.11070514 0.10928917 0.11505413 0.11608887]
