n_estimators,criterion,max_depth,test_score,train_score,fit_time
41,mae,2,0.7389506552076904,0.7633043435995613,[0.65756488 0.63009405 0.62128901 0.59909511 0.60794091]
