n_estimators,criterion,max_depth,test_score,train_score,fit_time
41,mse,3,0.8117950737762275,0.8627983831399744,[0.0940187  0.09781814 0.09134078 0.09411359 0.08849216]
