n_estimators,criterion,max_depth,test_score,train_score,fit_time
41,mae,3,0.8070155049520762,0.8426539316337063,[0.87348723 0.86647105 0.83217406 0.82063389 0.86704683]
