n_estimators,criterion,max_depth,test_score,train_score,fit_time
41,mae,4,0.8370376098291358,0.8915388856234374,[1.04709911 1.0291121  0.97901273 0.98514581 0.98432493]
