n_estimators,criterion,max_depth,test_score,train_score,fit_time
41,mse,4,0.839777305218701,0.8952586117280437,[0.10551023 0.10243106 0.10008121 0.10913801 0.10505795]
