n_estimators,criterion,max_depth,test_score,train_score,fit_time
41,mse,5,0.8517717468608413,0.9141905535188679,[0.11252189 0.11851382 0.11407375 0.11142111 0.11180902]
