n_estimators,criterion,max_depth,test_score,train_score,fit_time
41,mae,5,0.850758295731562,0.9153076551745258,[1.14209604 1.14145494 1.08435822 1.10385299 1.08494687]
