n_estimators,criterion,max_depth,test_score,train_score,fit_time
42,mae,2,0.7377876601711977,0.7622730037893299,[0.70811009 0.66705894 0.67427778 0.64782214 0.63460708]
