n_estimators,criterion,max_depth,test_score,train_score,fit_time
42,mse,3,0.8120191322833257,0.8630304943628337,[0.09197378 0.09464192 0.0909791  0.08913898 0.08942199]
