n_estimators,criterion,max_depth,test_score,train_score,fit_time
42,mae,3,0.8068817330137135,0.8425663281745628,[0.89481497 0.87326598 0.83166695 0.83173013 0.81488681]
