n_estimators,criterion,max_depth,test_score,train_score,fit_time
42,mse,4,0.8400476656361231,0.8954262645135314,[0.10467291 0.11552382 0.10388303 0.14086723 0.15414023]
