n_estimators,criterion,max_depth,test_score,train_score,fit_time
42,mae,4,0.8367108896851008,0.8914579726311528,[1.04227376 1.02671099 0.96930695 0.98063898 0.96221113]
