n_estimators,criterion,max_depth,test_score,train_score,fit_time
42,mae,5,0.8509288663951139,0.9154030132970938,[1.17114496 1.17098808 1.11556101 1.14575291 1.18301272]
