n_estimators,criterion,max_depth,test_score,train_score,fit_time
42,mse,5,0.8522001057765639,0.9144052180674807,[0.11613393 0.11497808 0.11787605 0.11817408 0.1144588 ]
