n_estimators,criterion,max_depth,test_score,train_score,fit_time
43,mae,2,0.7387656938992968,0.7627597503090865,[0.67536187 0.6418128  0.65179014 0.62770009 0.61838102]
