n_estimators,criterion,max_depth,test_score,train_score,fit_time
43,mse,2,0.768276808991785,0.8036256014300296,[0.08145308 0.07685924 0.08277774 0.07491708 0.07469821]
