n_estimators,criterion,max_depth,test_score,train_score,fit_time
43,mae,3,0.807142941334644,0.8424351443594688,[0.87953997 0.87315202 0.82837391 0.82911801 0.83185005]
