n_estimators,criterion,max_depth,test_score,train_score,fit_time
43,mse,3,0.8119516602167526,0.8631408307970135,[0.09358978 0.09294987 0.09018588 0.08995128 0.08898687]
