n_estimators,criterion,max_depth,test_score,train_score,fit_time
43,mae,4,0.836962582730297,0.8916908791352419,[1.05406713 1.05265689 0.99309897 1.00106025 0.98640394]
