n_estimators,criterion,max_depth,test_score,train_score,fit_time
43,mse,4,0.83967106151495,0.8956157116314072,[0.10587811 0.10484791 0.10320115 0.10277891 0.10287118]
