n_estimators,criterion,max_depth,test_score,train_score,fit_time
43,mse,5,0.8521999571495906,0.9145912751167066,[0.12538791 0.12052226 0.12328601 0.11826873 0.11957097]
