n_estimators,criterion,max_depth,test_score,train_score,fit_time
43,mae,5,0.8510713585915749,0.9155146543847253,[1.23322582 1.19159293 1.14895582 1.16616297 1.13524508]
