n_estimators,criterion,max_depth,test_score,train_score,fit_time
44,mse,2,0.7679455378368298,0.8035410336215723,[0.07948518 0.07651091 0.07458997 0.07493114 0.07557368]
