n_estimators,criterion,max_depth,test_score,train_score,fit_time
44,mae,2,0.7384358948648113,0.7625099033149405,[0.69073677 0.66806412 0.66831207 0.66151309 0.66164303]
