n_estimators,criterion,max_depth,test_score,train_score,fit_time
44,mae,3,0.8062272225459802,0.8421278817670558,[0.92080522 0.92183089 0.89351702 0.87876081 0.89272785]
