n_estimators,criterion,max_depth,test_score,train_score,fit_time
44,mse,3,0.8115586714899541,0.8630414351792947,[0.09247899 0.09298086 0.09122515 0.09250617 0.09356213]
