n_estimators,criterion,max_depth,test_score,train_score,fit_time
44,mse,4,0.8396659998343757,0.8956227359807516,[0.11078906 0.11034489 0.10829425 0.10876703 0.10778403]
