n_estimators,criterion,max_depth,test_score,train_score,fit_time
44,mae,4,0.8368810880985059,0.8914747856229616,[1.11206579 1.10477066 1.0864141  1.10915995 1.09133101]
