n_estimators,criterion,max_depth,test_score,train_score,fit_time
44,mse,5,0.8516407515763443,0.9145145568430768,[0.12153912 0.12126899 0.12025189 0.12119865 0.11971402]
