n_estimators,criterion,max_depth,test_score,train_score,fit_time
44,mae,5,0.8509604126540131,0.9153451042603287,[1.24164605 1.23971319 1.1686008  1.18805289 1.15702105]
