n_estimators,criterion,max_depth,test_score,train_score,fit_time
45,mse,2,0.7680100888158803,0.8038723619934585,[0.08228588 0.08547521 0.08304811 0.0834651  0.08351421]
