n_estimators,criterion,max_depth,test_score,train_score,fit_time
45,mae,2,0.7381153324790712,0.7618906050830391,[0.69658804 0.67473102 0.6876049  0.68890405 0.69495106]
