n_estimators,criterion,max_depth,test_score,train_score,fit_time
45,mae,3,0.8056788791616384,0.8423295855478437,[0.97849393 0.96003604 0.89698315 0.90083194 0.90641713]
