n_estimators,criterion,max_depth,test_score,train_score,fit_time
45,mse,3,0.8113947804283294,0.8630838245303627,[0.10310888 0.10027003 0.09676003 0.09497404 0.09744406]
