n_estimators,criterion,max_depth,test_score,train_score,fit_time
45,mse,4,0.8398605208915468,0.8955472263126903,[0.12121606 0.11461186 0.11050797 0.10964918 0.11020899]
