n_estimators,criterion,max_depth,test_score,train_score,fit_time
45,mae,4,0.8369084404099516,0.8914008001527784,[1.10530496 1.11570501 1.05592108 1.06990004 1.05319786]
