n_estimators,criterion,max_depth,test_score,train_score,fit_time
45,mae,5,0.8511130079846883,0.915339513929692,[1.26324892 1.24166703 1.19915509 1.20702791 1.19046783]
