n_estimators,criterion,max_depth,test_score,train_score,fit_time
45,mse,5,0.8521102498129236,0.9144858931544035,[0.12343979 0.1252048  0.12312293 0.12211609 0.12715697]
