n_estimators,criterion,max_depth,test_score,train_score,fit_time
46,mse,2,0.7674028877772953,0.8041482240495595,[0.08636594 0.0833478  0.08401704 0.08450603 0.08101511]
