n_estimators,criterion,max_depth,test_score,train_score,fit_time
46,mae,3,0.8062455441552044,0.8425486297296281,[0.95578313 0.95158505 0.97295117 0.97854519 0.91688919]
