n_estimators,criterion,max_depth,test_score,train_score,fit_time
46,mae,4,0.8372776036918703,0.8914982775776286,[1.16629505 1.17869377 1.13973808 1.10133767 1.07358408]
