n_estimators,criterion,max_depth,test_score,train_score,fit_time
46,mae,5,0.8512001128226665,0.9153902802766547,[1.31651306 1.29368186 1.24402785 1.27863598 1.23089504]
