n_estimators,criterion,max_depth,test_score,train_score,fit_time
46,mse,5,0.8522067501024779,0.9145360097364055,[0.13257909 0.13128304 0.15123606 0.13090301 0.12084699]
