n_estimators,criterion,max_depth,test_score,train_score,fit_time
47,mae,2,0.737534015836942,0.7612517136010308,[0.72957611 0.72500992 0.70136189 0.70124197 0.68811202]
