n_estimators,criterion,max_depth,test_score,train_score,fit_time
47,mse,2,0.7672540201167136,0.8040684532234696,[0.08467197 0.08256912 0.08186913 0.08267903 0.08053493]
