n_estimators,criterion,max_depth,test_score,train_score,fit_time
47,mse,3,0.8121242227107432,0.8632825118343976,[0.10082316 0.09867692 0.09714985 0.09724998 0.10363579]
