n_estimators,criterion,max_depth,test_score,train_score,fit_time
47,mae,3,0.8063282287192175,0.8423509764167711,[0.96457028 0.97101736 0.93161917 0.92989898 0.91782022]
