n_estimators,criterion,max_depth,test_score,train_score,fit_time
47,mae,4,0.8373920367144454,0.8914524077686448,[1.16246796 1.15804267 1.12234211 1.12030005 1.09538984]
