n_estimators,criterion,max_depth,test_score,train_score,fit_time
47,mse,5,0.85199331635447,0.9144514796743758,[0.13537216 0.12867808 0.12959504 0.13039327 0.13254714]
