n_estimators,criterion,max_depth,test_score,train_score,fit_time
47,mae,5,0.8514003295376803,0.9153561838371459,[1.31597281 1.30392098 1.26091218 1.28189588 1.2523098 ]
