n_estimators,criterion,max_depth,test_score,train_score,fit_time
48,mae,2,0.7377771036256136,0.7611663401217683,[0.73842311 0.73312521 0.72218513 0.70156693 0.70214868]
