n_estimators,criterion,max_depth,test_score,train_score,fit_time
48,mse,2,0.7673660267054815,0.8046387913771988,[0.08603597 0.08422709 0.08313799 0.08340716 0.08402586]
