n_estimators,criterion,max_depth,test_score,train_score,fit_time
48,mse,3,0.812201119830027,0.8634255285172199,[0.10300493 0.10168219 0.09977102 0.10044003 0.10033298]
