n_estimators,criterion,max_depth,test_score,train_score,fit_time
48,mae,3,0.8068402116406478,0.8425852337869649,[0.97775507 0.97472501 0.95135283 0.94021773 0.9323101 ]
