n_estimators,criterion,max_depth,test_score,train_score,fit_time
48,mae,4,0.8377017601860984,0.8915627845485921,[1.20150399 1.18507004 1.14337516 1.15680814 1.12821507]
