n_estimators,criterion,max_depth,test_score,train_score,fit_time
48,mse,4,0.8403591169342075,0.8957352163068221,[0.11739111 0.11731911 0.11809993 0.11600685 0.11584187]
