n_estimators,criterion,max_depth,test_score,train_score,fit_time
48,mse,5,0.8522737089926711,0.9146550566115025,[0.13902378 0.13238597 0.13079619 0.13318205 0.12724805]
