n_estimators,criterion,max_depth,test_score,train_score,fit_time
48,mae,5,0.8520937129545658,0.9154696434028778,[1.35033798 1.32957172 1.27340102 1.29871416 1.26241326]
