n_estimators,criterion,max_depth,test_score,train_score,fit_time
49,mae,2,0.7374564649341985,0.7611141359977909,[0.75350904 0.75102592 0.73174286 0.72028875 0.71087313]
