n_estimators,criterion,max_depth,test_score,train_score,fit_time
49,mse,2,0.7669654687331899,0.8048001670297905,[0.08796906 0.08902121 0.08636284 0.08487177 0.08796906]
