n_estimators,criterion,max_depth,test_score,train_score,fit_time
49,mae,4,0.8375554968130879,0.8914406073531298,[1.20448422 1.18846393 1.15114379 1.16407704 1.13919163]
