n_estimators,criterion,max_depth,test_score,train_score,fit_time
49,mse,4,0.8401398592316198,0.8958232173964114,[0.12036562 0.11907721 0.11873102 0.11870909 0.11741304]
