n_estimators,criterion,max_depth,test_score,train_score,fit_time
49,mse,5,0.8520939979685537,0.9147072949249754,[0.13529491 0.13632894 0.13369083 0.13500071 0.12941885]
