n_estimators,criterion,max_depth,test_score,train_score,fit_time
49,mae,5,0.8522540011816918,0.9154088791423389,[1.38178992 1.36216378 1.30813694 1.3438549  1.30455995]
