n_estimators,criterion,max_depth,test_score,train_score,fit_time
50,mse,2,0.7673762817698424,0.8047982273879122,[0.08798289 0.087327   0.08593202 0.08647084 0.08720708]
