n_estimators,criterion,max_depth,test_score,train_score,fit_time
50,mae,2,0.7379114020211645,0.761809314998332,[0.76767778 0.76616907 0.73580074 0.74028111 0.72804594]
