n_estimators,criterion,max_depth,test_score,train_score,fit_time
50,mse,3,0.8123403419533279,0.8631873833489229,[0.10621405 0.10427284 0.10431576 0.10280585 0.10372376]
