n_estimators,criterion,max_depth,test_score,train_score,fit_time
50,mae,3,0.8073088286553386,0.8431831104573171,[1.02107906 1.01256704 0.98485208 0.99667478 0.98257303]
