n_estimators,criterion,max_depth,test_score,train_score,fit_time
50,mae,4,0.8379098578604838,0.8916984215623298,[1.22390795 1.22309399 1.18155289 1.18608379 1.16211891]
