n_estimators,criterion,max_depth,test_score,train_score,fit_time
50,mse,4,0.8405448613093768,0.8959057209554517,[0.12424517 0.12837768 0.12126708 0.12192416 0.11955905]
