n_estimators,criterion,max_depth,test_score,train_score,fit_time
50,mae,5,0.8525097656879478,0.9154914345920391,[1.39702129 1.37687016 1.33699894 1.35634208 1.31682587]
