n_estimators,criterion,max_depth,test_score,train_score,fit_time
50,mse,5,0.8523781345552524,0.9147993610278142,[0.1406002  0.13709617 0.13617301 0.13732719 0.14028597]
