n_estimators,criterion,max_depth,test_score,train_score,fit_time
51,mse,2,0.7674371220714458,0.8046202030814694,[0.08993196 0.09008884 0.08931994 0.08881378 0.08852768]
