n_estimators,criterion,max_depth,test_score,train_score,fit_time
51,mae,2,0.7386373958347079,0.7619900447244843,[0.79026508 0.77389479 0.76285505 0.74795818 0.74899411]
