n_estimators,criterion,max_depth,test_score,train_score,fit_time
51,mae,3,0.8075795250673558,0.843291140148103,[1.04257798 1.03815198 0.99846816 1.00004888 0.99131703]
