n_estimators,criterion,max_depth,test_score,train_score,fit_time
51,mse,4,0.8409398671243935,0.8959074194626409,[0.13029599 0.12665296 0.12480998 0.12846088 0.13816214]
