n_estimators,criterion,max_depth,test_score,train_score,fit_time
51,mae,5,0.8526780847751463,0.9154286577475308,[1.43191767 1.40493107 1.35457206 1.37379479 1.34208608]
