n_estimators,criterion,max_depth,test_score,train_score,fit_time
52,mae,2,0.7383046693558725,0.7618617105455148,[0.79515815 0.78909111 0.76728702 0.76224089 0.75615692]
