n_estimators,criterion,max_depth,test_score,train_score,fit_time
52,mse,2,0.7670779222558464,0.8043909730799145,[0.09216213 0.09060407 0.08845901 0.08822298 0.09011412]
