n_estimators,criterion,max_depth,test_score,train_score,fit_time
52,mae,3,0.8078571232013207,0.8433407531337964,[1.05730629 1.05909419 1.1576221  1.18581414 1.16192675]
