n_estimators,criterion,max_depth,test_score,train_score,fit_time
52,mse,4,0.8408487001376423,0.8958021327332994,[0.1280539  0.12623596 0.12522697 0.12694025 0.12342405]
