n_estimators,criterion,max_depth,test_score,train_score,fit_time
52,mae,5,0.8525440661321078,0.9153535264169221,[1.48976612 1.49768901 1.43486929 1.42826176 1.3768189 ]
