n_estimators,criterion,max_depth,test_score,train_score,fit_time
53,mae,2,0.7382700630726725,0.7618405216838001,[0.81007504 0.80910778 0.7860868  0.77519298 0.76904702]
