n_estimators,criterion,max_depth,test_score,train_score,fit_time
53,mae,3,0.8081595731146484,0.8432456293742397,[1.0696981  1.07204986 1.03598118 1.04209018 1.02901721]
