n_estimators,criterion,max_depth,test_score,train_score,fit_time
53,mse,3,0.8130353717332923,0.8633364955417859,[0.11276197 0.11232209 0.11107993 0.10969067 0.10979891]
