n_estimators,criterion,max_depth,test_score,train_score,fit_time
53,mae,4,0.8384809975177407,0.8916331017303966,[1.30560803 1.28627706 1.26012802 1.26224709 1.24382687]
