n_estimators,criterion,max_depth,test_score,train_score,fit_time
53,mae,5,0.8527646813634595,0.915425175761003,[1.49871898 1.49049878 1.40900397 1.46392798 1.41339922]
