n_estimators,criterion,max_depth,test_score,train_score,fit_time
53,mse,5,0.8524151969776869,0.9148188884412869,[0.14856005 0.1458571  0.14505601 0.14535236 0.13416886]
