n_estimators,criterion,max_depth,test_score,train_score,fit_time
54,mse,2,0.7666707934151195,0.8041134123379425,[0.0962348  0.09417796 0.09552479 0.09331799 0.09370708]
