n_estimators,criterion,max_depth,test_score,train_score,fit_time
54,mae,2,0.7381342769003865,0.7615109555751642,[0.83010316 0.82252884 0.81381226 0.90485001 0.85520601]
