n_estimators,criterion,max_depth,test_score,train_score,fit_time
54,mse,3,0.8128318315166464,0.8635358493656125,[0.11450601 0.11224198 0.11107087 0.10976624 0.11074209]
