n_estimators,criterion,max_depth,test_score,train_score,fit_time
54,mae,3,0.807836152636917,0.8432194375251661,[1.10220504 1.12397814 1.06530404 1.06112313 1.04593396]
