n_estimators,criterion,max_depth,test_score,train_score,fit_time
54,mae,4,0.8381124439189008,0.8915481091054767,[1.33187008 1.32787204 1.27148008 1.28252578 1.26400614]
