n_estimators,criterion,max_depth,test_score,train_score,fit_time
54,mse,4,0.841143635802678,0.8960423903745566,[0.13237619 0.12972021 0.12997103 0.13068199 0.12343383]
