n_estimators,criterion,max_depth,test_score,train_score,fit_time
54,mse,5,0.8524807574782777,0.9149398085984156,[0.14895678 0.14704895 0.14766431 0.14698792 0.14922905]
