n_estimators,criterion,max_depth,test_score,train_score,fit_time
55,mae,2,0.7383894614080199,0.7618352670870931,[0.85273075 0.83887911 0.81224489 0.80701399 0.79841495]
