n_estimators,criterion,max_depth,test_score,train_score,fit_time
55,mse,3,0.8130060289369047,0.8636839453223141,[0.11512089 0.11489511 0.11352873 0.11412501 0.11440301]
