n_estimators,criterion,max_depth,test_score,train_score,fit_time
55,mae,3,0.8081177602591442,0.8433270248248335,[1.10883713 1.11822987 1.07354116 1.07429886 1.07903695]
