n_estimators,criterion,max_depth,test_score,train_score,fit_time
55,mse,4,0.8409662114139298,0.8961716824560559,[0.13338518 0.13190484 0.13250589 0.1345048  0.12774897]
