n_estimators,criterion,max_depth,test_score,train_score,fit_time
55,mae,5,0.8527850436843323,0.9158507541961898,[1.56039762 1.51889467 1.46955395 1.50843477 1.45981002]
