n_estimators,criterion,max_depth,test_score,train_score,fit_time
55,mse,5,0.852437680650252,0.9151512084351724,[0.15355492 0.15208602 0.15020204 0.14961195 0.13870907]
