n_estimators,criterion,max_depth,test_score,train_score,fit_time
56,mae,2,0.7378826834631627,0.7614664428967084,[0.85886002 0.85689807 0.83461213 0.8237021  0.84522605]
