n_estimators,criterion,max_depth,test_score,train_score,fit_time
56,mse,2,0.7671428987157652,0.8041413260398415,[0.09889269 0.09716105 0.09884787 0.09692883 0.09756494]
