n_estimators,criterion,max_depth,test_score,train_score,fit_time
56,mse,4,0.8407644936548826,0.8962169172084163,[0.1353662  0.13730288 0.13861704 0.13597012 0.13581204]
