n_estimators,criterion,max_depth,test_score,train_score,fit_time
56,mae,4,0.8376666993772496,0.8917045065256103,[1.4165833  1.34635496 1.32241082 1.32459211 1.31852198]
