n_estimators,criterion,max_depth,test_score,train_score,fit_time
56,mae,5,0.8524493168212717,0.9157854953272568,[1.56482005 1.54186225 1.48549676 1.5107789  1.47389698]
