n_estimators,criterion,max_depth,test_score,train_score,fit_time
57,mse,2,0.7667424881193771,0.8040182172016721,[0.09983182 0.09616828 0.09726214 0.0979352  0.09787202]
