n_estimators,criterion,max_depth,test_score,train_score,fit_time
57,mae,2,0.7371256602694991,0.7614482634537809,[0.86747599 0.87491822 0.84148788 0.83144617 0.83279705]
