n_estimators,criterion,max_depth,test_score,train_score,fit_time
57,mse,3,0.8130784203201632,0.863718972166603,[0.12064123 0.11765289 0.11741209 0.11761498 0.11574101]
