n_estimators,criterion,max_depth,test_score,train_score,fit_time
57,mae,3,0.8069842047353545,0.842922504507124,[1.15542769 1.14979696 1.12405205 1.11789989 1.11113596]
