n_estimators,criterion,max_depth,test_score,train_score,fit_time
57,mae,4,0.8376551375244923,0.8917302398197531,[1.40971088 1.39284992 1.37431717 1.35067487 1.33350992]
