n_estimators,criterion,max_depth,test_score,train_score,fit_time
57,mae,5,0.8524485952520887,0.9158292522033321,[1.60045218 1.56642675 1.50252485 1.55234098 1.50076485]
