n_estimators,criterion,max_depth,test_score,train_score,fit_time
57,mse,5,0.8520655843071603,0.9152178879484438,[0.15731883 0.15637112 0.1564281  0.15841508 0.14829111]
