n_estimators,criterion,max_depth,test_score,train_score,fit_time
58,mae,2,0.7368633684407095,0.7615840422693685,[0.87949395 0.88282895 0.85692501 0.85009217 0.84471703]
