n_estimators,criterion,max_depth,test_score,train_score,fit_time
58,mse,2,0.7669734699111788,0.8039851852342661,[0.10120988 0.09888697 0.10067797 0.09933591 0.09932899]
