n_estimators,criterion,max_depth,test_score,train_score,fit_time
58,mae,3,0.8068801925588256,0.8433308012930363,[1.18843412 1.18053317 1.13354325 1.13708496 1.13461423]
