n_estimators,criterion,max_depth,test_score,train_score,fit_time
58,mse,3,0.8132617881180313,0.863995020678086,[0.11984086 0.11985111 0.12013197 0.11951709 0.11853004]
