n_estimators,criterion,max_depth,test_score,train_score,fit_time
58,mse,4,0.8408898964881928,0.8962611189917655,[0.14222026 0.14018893 0.13857818 0.13790107 0.13480973]
