n_estimators,criterion,max_depth,test_score,train_score,fit_time
58,mae,4,0.8374557911195476,0.8919385821561855,[1.44285798 1.40216708 1.36071801 1.38191986 1.35392737]
