n_estimators,criterion,max_depth,test_score,train_score,fit_time
58,mse,5,0.8525063700707658,0.9152176151035345,[0.15828514 0.15765405 0.15565705 0.15914679 0.14817214]
