n_estimators,criterion,max_depth,test_score,train_score,fit_time
59,mae,2,0.7372876287721353,0.7618172794333499,[0.89895391 0.89304304 0.88357091 0.86803675 0.85751605]
