n_estimators,criterion,max_depth,test_score,train_score,fit_time
59,mae,3,0.8067765799988829,0.8436149063444937,[1.20646715 1.19082499 1.15065217 1.15634322 1.14481091]
