n_estimators,criterion,max_depth,test_score,train_score,fit_time
59,mse,3,0.8131838069212292,0.8644894593532717,[0.12311101 0.12164307 0.12126803 0.12219095 0.11993599]
