n_estimators,criterion,max_depth,test_score,train_score,fit_time
59,mae,4,0.8373146679645493,0.8921453126564097,[1.46692801 1.43186307 1.38552594 1.39701295 1.38186693]
