n_estimators,criterion,max_depth,test_score,train_score,fit_time
59,mse,4,0.8405577773679946,0.8964320143940927,[0.14688015 0.14296913 0.14194083 0.14130306 0.13632512]
