n_estimators,criterion,max_depth,test_score,train_score,fit_time
59,mae,5,0.8519296567317566,0.9159494557530922,[1.65170407 1.62026906 1.5587883  1.59173894 1.55888104]
