n_estimators,criterion,max_depth,test_score,train_score,fit_time
59,mse,5,0.8523531161149297,0.9153533518381645,[0.16302896 0.16002297 0.16253495 0.15523195 0.14794803]
