n_estimators,criterion,max_depth,test_score,train_score,fit_time
60,mae,2,0.737353715251835,0.7615380633737375,[0.91658115 0.91429567 0.87838793 0.87564588 0.87344408]
