n_estimators,criterion,max_depth,test_score,train_score,fit_time
60,mse,2,0.7671391785020981,0.8046298981157236,[0.10584021 0.10371995 0.10204506 0.10184407 0.10349274]
