n_estimators,criterion,max_depth,test_score,train_score,fit_time
60,mse,3,0.8135740471338533,0.8645174278469199,[0.12709308 0.12519598 0.12452984 0.12452722 0.12583709]
