n_estimators,criterion,max_depth,test_score,train_score,fit_time
60,mae,3,0.8068658393549837,0.8436980631831874,[1.2164731  1.20212197 1.17193604 1.18253708 1.16336679]
