n_estimators,criterion,max_depth,test_score,train_score,fit_time
60,mae,4,0.8372652189448921,0.8922028724132902,[1.47351289 1.45334601 1.40582085 1.42624903 1.39043903]
