n_estimators,criterion,max_depth,test_score,train_score,fit_time
60,mae,5,0.8520291889126739,0.9159380738694637,[1.6843338  1.64088702 1.58612609 1.62547588 1.57579899]
