n_estimators,criterion,max_depth,test_score,train_score,fit_time
60,mse,5,0.8523269325490244,0.915240686400764,[0.16874862 0.16354895 0.16416621 0.16284275 0.15367913]
