n_estimators,criterion,max_depth,test_score,train_score,fit_time
61,mae,2,0.7370216768467136,0.7614635265135761,[0.92683816 0.9242239  0.89998388 0.90009689 0.89106417]
