n_estimators,criterion,max_depth,test_score,train_score,fit_time
61,mae,3,0.8070639849012287,0.8439172305501919,[1.24259806 1.22362804 1.20008874 1.1974647  1.19019604]
