n_estimators,criterion,max_depth,test_score,train_score,fit_time
61,mse,3,0.813774077322653,0.8646093473952534,[0.12828922 0.12637401 0.12480688 0.12603402 0.12139511]
