n_estimators,criterion,max_depth,test_score,train_score,fit_time
61,mse,4,0.8411043575483184,0.8965111150716345,[0.14942694 0.1477809  0.14699697 0.14681482 0.13900208]
