n_estimators,criterion,max_depth,test_score,train_score,fit_time
61,mae,4,0.8378106754568486,0.892507073872953,[1.49924612 1.47245002 1.45044899 1.44940209 1.42089796]
