n_estimators,criterion,max_depth,test_score,train_score,fit_time
62,mae,2,0.7372173061402819,0.7619533500124358,[0.94930196 0.95910716 0.91296101 0.91023803 0.91830301]
