n_estimators,criterion,max_depth,test_score,train_score,fit_time
62,mse,2,0.7668692986156888,0.8049268943253303,[0.10861301 0.10636091 0.10725808 0.10838795 0.10650301]
