n_estimators,criterion,max_depth,test_score,train_score,fit_time
62,mae,4,0.8380268417371053,0.8926093384606606,[1.52684593 1.49139595 1.46040606 1.47460771 1.44359899]
