n_estimators,criterion,max_depth,test_score,train_score,fit_time
62,mse,5,0.8524711198080734,0.9153503015969104,[0.16921186 0.17038107 0.17165589 0.16440392 0.16769886]
