n_estimators,criterion,max_depth,test_score,train_score,fit_time
62,mae,5,0.8523747471152594,0.9162007714537109,[1.73861408 1.70628405 1.64412284 1.68977594 1.6395812 ]
