n_estimators,criterion,max_depth,test_score,train_score,fit_time
63,mae,2,0.7371494585881451,0.7623941559054811,[0.96289611 0.9593389  0.92455602 0.92300105 0.91569209]
