n_estimators,criterion,max_depth,test_score,train_score,fit_time
63,mse,2,0.7664784362517754,0.8051751983441445,[0.11082077 0.10787511 0.10947323 0.10992265 0.10991001]
