n_estimators,criterion,max_depth,test_score,train_score,fit_time
63,mse,3,0.814334858044727,0.8647491549232376,[0.13289332 0.13079977 0.13032508 0.12996507 0.12412691]
