n_estimators,criterion,max_depth,test_score,train_score,fit_time
63,mae,3,0.8073758724286939,0.8440908286535315,[1.27609181 1.26290011 1.22361708 1.23415303 1.22864413]
