n_estimators,criterion,max_depth,test_score,train_score,fit_time
63,mse,4,0.8413483200465753,0.8967092473256354,[0.15210867 0.15056515 0.15163898 0.15118289 0.14332008]
