n_estimators,criterion,max_depth,test_score,train_score,fit_time
63,mae,4,0.8383028603340812,0.8927358859939829,[1.56393766 1.52534604 1.49407005 1.50576091 1.47537827]
