n_estimators,criterion,max_depth,test_score,train_score,fit_time
63,mae,5,0.8527129672717031,0.9163102305199446,[1.76010871 1.72459197 1.67589521 1.70283699 1.65962887]
