n_estimators,criterion,max_depth,test_score,train_score,fit_time
64,mae,2,0.7373623714716364,0.7625036146703319,[0.97673297 0.96948099 0.93724513 0.93816304 0.94680285]
