n_estimators,criterion,max_depth,test_score,train_score,fit_time
64,mse,2,0.7665790750281465,0.8050907859822765,[0.11072683 0.10974407 0.10917521 0.10976887 0.10970759]
