n_estimators,criterion,max_depth,test_score,train_score,fit_time
64,mse,3,0.8145840585714705,0.8646547928147695,[0.13542485 0.13364506 0.13082695 0.13132596 0.12715411]
