n_estimators,criterion,max_depth,test_score,train_score,fit_time
64,mae,3,0.8076810340681695,0.8439782828531002,[1.30520082 1.27754378 1.24881387 1.26847625 1.2416358 ]
