n_estimators,criterion,max_depth,test_score,train_score,fit_time
64,mae,4,0.8384112891999262,0.8926602972750244,[1.57421088 1.53015113 1.51210809 1.51205802 1.49602413]
