n_estimators,criterion,max_depth,test_score,train_score,fit_time
64,mse,4,0.8415866170955677,0.8968234468816547,[0.15660501 0.15439796 0.15446019 0.15237999 0.14081693]
