n_estimators,criterion,max_depth,test_score,train_score,fit_time
64,mae,5,0.8528055030050247,0.9162706599351262,[1.79014897 1.74500585 1.69301796 1.72924209 1.68711114]
