n_estimators,criterion,max_depth,test_score,train_score,fit_time
64,mse,5,0.8528301529075343,0.9156191718720637,[0.1780591  0.17632985 0.17657399 0.17576313 0.16091394]
