n_estimators,criterion,max_depth,test_score,train_score,fit_time
65,mse,2,0.7671755557287837,0.8054893375581098,[0.11261487 0.11351895 0.11253023 0.11144805 0.11189008]
