n_estimators,criterion,max_depth,test_score,train_score,fit_time
65,mse,3,0.8145814324719242,0.8646272152143247,[0.13563609 0.13462591 0.13293505 0.13564897 0.12836289]
