n_estimators,criterion,max_depth,test_score,train_score,fit_time
65,mae,3,0.8076841294820675,0.8443462440588643,[1.32905698 1.29807591 1.26791406 1.27570796 1.25876617]
