n_estimators,criterion,max_depth,test_score,train_score,fit_time
65,mae,4,0.8388694057353089,0.8927924238420868,[1.59193015 1.57070398 1.53111291 1.53947091 1.52233195]
