n_estimators,criterion,max_depth,test_score,train_score,fit_time
65,mse,5,0.8528379649826003,0.9156113375741075,[0.18274903 0.17498899 0.18252802 0.17156816 0.16396594]
