n_estimators,criterion,max_depth,test_score,train_score,fit_time
66,mse,2,0.7668505331775126,0.8053276635334846,[0.11525178 0.11494899 0.1135509  0.11189818 0.114609  ]
