n_estimators,criterion,max_depth,test_score,train_score,fit_time
66,mae,2,0.7388211569450059,0.7636428539500588,[1.01089478 1.03399897 0.97667813 0.97096515 0.96670389]
