n_estimators,criterion,max_depth,test_score,train_score,fit_time
66,mse,3,0.8145535760420743,0.8649401638783972,[0.13821077 0.13762188 0.14214993 0.13615417 0.12946081]
