n_estimators,criterion,max_depth,test_score,train_score,fit_time
66,mae,3,0.8076706489099441,0.8443821299277147,[1.34274626 1.32706594 1.29355073 1.29546237 1.29197097]
