n_estimators,criterion,max_depth,test_score,train_score,fit_time
66,mae,4,0.8386592759647111,0.8930364047165888,[1.63316202 1.59646487 1.53996587 1.57477713 1.53030205]
