n_estimators,criterion,max_depth,test_score,train_score,fit_time
66,mae,5,0.8532404847742011,0.9164870795087781,[1.8329339  1.80721092 1.75458789 1.82199097 1.76270628]
