n_estimators,criterion,max_depth,test_score,train_score,fit_time
66,mse,5,0.8529146351855863,0.9157580659134386,[0.18520498 0.1818881  0.18389511 0.17140079 0.17056704]
