n_estimators,criterion,max_depth,test_score,train_score,fit_time
67,mae,2,0.7389091831021551,0.7635788037724989,[1.01831603 1.01934505 0.98761392 0.98552394 0.98033404]
