n_estimators,criterion,max_depth,test_score,train_score,fit_time
67,mse,2,0.7671681311193115,0.8056549558311735,[0.1173861  0.11537981 0.11511183 0.11507273 0.11551595]
