n_estimators,criterion,max_depth,test_score,train_score,fit_time
67,mae,3,0.8079162125388649,0.8443565067205006,[1.37297416 1.34419584 1.32009196 1.31350708 1.32515907]
