n_estimators,criterion,max_depth,test_score,train_score,fit_time
67,mse,3,0.8144781117673915,0.8649906647602588,[0.13893294 0.13928604 0.1408267  0.13745689 0.13441515]
