n_estimators,criterion,max_depth,test_score,train_score,fit_time
67,mae,4,0.8388050242426844,0.8931582317339212,[1.65299702 1.61748481 1.59420228 1.6360898  1.56485915]
