n_estimators,criterion,max_depth,test_score,train_score,fit_time
67,mse,4,0.8412956296169909,0.8970120030564243,[0.16342402 0.16180921 0.16130996 0.15863991 0.15025306]
