n_estimators,criterion,max_depth,test_score,train_score,fit_time
67,mse,5,0.8529211235512669,0.9158006214450444,[0.18549514 0.18387675 0.18336201 0.17802286 0.17124414]
