n_estimators,criterion,max_depth,test_score,train_score,fit_time
67,mae,5,0.8533372310134919,0.9166185112729707,[1.88216305 1.92293715 1.83531785 1.84678507 1.78306699]
