n_estimators,criterion,max_depth,test_score,train_score,fit_time
68,mse,2,0.7671743598177856,0.8056707250204813,[0.11848378 0.11858892 0.11925197 0.11754489 0.11749411]
