n_estimators,criterion,max_depth,test_score,train_score,fit_time
68,mae,2,0.7388520129052752,0.7638402481194823,[1.04074502 1.02799606 1.01249385 1.00708771 0.99995804]
