n_estimators,criterion,max_depth,test_score,train_score,fit_time
68,mae,3,0.807962512411548,0.8444468728785097,[1.41180015 1.35275817 1.33946705 1.33397293 1.31995177]
