n_estimators,criterion,max_depth,test_score,train_score,fit_time
68,mse,3,0.8145102481477204,0.8648280514755923,[0.14255619 0.14124894 0.14139605 0.14093494 0.13293219]
