n_estimators,criterion,max_depth,test_score,train_score,fit_time
68,mae,5,0.8534093582998936,0.9165473960494968,[1.91214371 1.88181496 1.82549191 1.84697485 1.78861094]
