n_estimators,criterion,max_depth,test_score,train_score,fit_time
69,mae,2,0.7387795030391634,0.7635667012160822,[1.0515101  1.04726815 1.01628375 1.02164197 1.00459218]
