n_estimators,criterion,max_depth,test_score,train_score,fit_time
69,mse,2,0.7670806702571935,0.8055466046462195,[0.11934614 0.11999702 0.11830783 0.11770606 0.11661983]
