n_estimators,criterion,max_depth,test_score,train_score,fit_time
69,mae,3,0.8079232068926689,0.8443795606424903,[1.42247701 1.40315604 1.35194898 1.35480428 1.35539913]
