n_estimators,criterion,max_depth,test_score,train_score,fit_time
69,mse,3,0.8143573689298199,0.8648140563894652,[0.14391708 0.14371991 0.13987303 0.14330006 0.13358688]
