n_estimators,criterion,max_depth,test_score,train_score,fit_time
69,mse,4,0.8412944954906566,0.897019097213062,[0.17059994 0.17035389 0.16837621 0.15985823 0.15708995]
