n_estimators,criterion,max_depth,test_score,train_score,fit_time
69,mae,4,0.8386494569411415,0.8930824729502709,[1.69424796 1.65076399 1.61974001 1.63573718 1.60239601]
