n_estimators,criterion,max_depth,test_score,train_score,fit_time
69,mae,5,0.8533592749880988,0.9165318214845006,[1.92014003 1.87943506 1.83078599 1.86352396 1.81501484]
