n_estimators,criterion,max_depth,test_score,train_score,fit_time
69,mse,5,0.8529209627414165,0.9156862464401181,[0.18964982 0.18751693 0.18709493 0.17838001 0.17774487]
