n_estimators,criterion,max_depth,test_score,train_score,fit_time
70,mse,2,0.7671029719542898,0.8055246818964804,[0.12088394 0.12095594 0.11987495 0.12070918 0.12006402]
