n_estimators,criterion,max_depth,test_score,train_score,fit_time
70,mae,2,0.7390222864047591,0.7636583996016777,[1.06558084 1.05335188 1.03522325 1.03080797 1.0219028 ]
