n_estimators,criterion,max_depth,test_score,train_score,fit_time
70,mse,4,0.8416031872791396,0.8970765359826857,[0.16851616 0.16983795 0.16932201 0.16352296 0.16153193]
