n_estimators,criterion,max_depth,test_score,train_score,fit_time
70,mae,4,0.8387465979876791,0.8932025725791137,[1.71598697 1.6709168  1.63690495 1.66809797 1.63225412]
