n_estimators,criterion,max_depth,test_score,train_score,fit_time
70,mse,5,0.8529591471645542,0.915729826005671,[0.19225907 0.19038892 0.19100308 0.17836118 0.18109298]
