n_estimators,criterion,max_depth,test_score,train_score,fit_time
71,mse,2,0.7667820475668435,0.8053668759581871,[0.122123   0.122015   0.12137985 0.12081218 0.11836386]
