n_estimators,criterion,max_depth,test_score,train_score,fit_time
71,mse,3,0.8143430358976327,0.8649382998362874,[0.14754486 0.14570594 0.1445539  0.14635491 0.13831401]
