n_estimators,criterion,max_depth,test_score,train_score,fit_time
71,mae,3,0.8080953165351769,0.8443632841544728,[1.4453721  1.41220903 1.38335896 1.38384581 1.37956572]
