n_estimators,criterion,max_depth,test_score,train_score,fit_time
71,mse,4,0.8416334132759289,0.8970754373399135,[0.17411494 0.17218804 0.16932178 0.16356969 0.15896606]
