n_estimators,criterion,max_depth,test_score,train_score,fit_time
71,mae,4,0.8387134381485168,0.8932257030696675,[1.75754499 1.70360923 1.67898703 1.67919087 1.66176486]
