n_estimators,criterion,max_depth,test_score,train_score,fit_time
71,mse,5,0.8530855731436748,0.9157447518909224,[0.19695115 0.2079072  0.19215989 0.18489075 0.18125796]
