n_estimators,criterion,max_depth,test_score,train_score,fit_time
71,mae,5,0.8534455119943966,0.9166305036976846,[1.96691799 1.93109775 1.88181233 1.91691899 1.87906218]
