n_estimators,criterion,max_depth,test_score,train_score,fit_time
72,mse,3,0.8143741752032142,0.8649536725095002,[0.15280604 0.14825511 0.1475327  0.14630985 0.14098692]
