n_estimators,criterion,max_depth,test_score,train_score,fit_time
72,mae,4,0.8387068719269319,0.8932855699691438,[1.76801419 1.72336316 1.68154597 1.70609164 1.66977406]
