n_estimators,criterion,max_depth,test_score,train_score,fit_time
72,mse,4,0.8415923022915704,0.8971494450239985,[0.17713308 0.17373419 0.17104983 0.16311717 0.15995002]
