n_estimators,criterion,max_depth,test_score,train_score,fit_time
72,mse,5,0.8531248567494287,0.9158214928844377,[0.19916701 0.1983521  0.19709706 0.18849397 0.18227601]
