n_estimators,criterion,max_depth,test_score,train_score,fit_time
72,mae,5,0.8534100426902823,0.9166385605090221,[1.99903107 1.97187805 1.91132188 1.95784283 1.89015222]
