n_estimators,criterion,max_depth,test_score,train_score,fit_time
73,mse,2,0.7668102599462839,0.80546391404488,[0.12611413 0.12568402 0.12626505 0.12451291 0.12080503]
