n_estimators,criterion,max_depth,test_score,train_score,fit_time
73,mae,2,0.7379933233034246,0.7626772888648881,[1.11546612 1.11072373 1.06527996 1.07168007 1.0603931 ]
