n_estimators,criterion,max_depth,test_score,train_score,fit_time
73,mse,3,0.8146721753557504,0.8651418889657124,[0.15080094 0.15002894 0.14848399 0.14881587 0.1419661 ]
