n_estimators,criterion,max_depth,test_score,train_score,fit_time
73,mae,3,0.8083558613271858,0.8444960824684167,[1.48950696 1.44639683 1.42154717 1.44222212 1.42009306]
