n_estimators,criterion,max_depth,test_score,train_score,fit_time
73,mse,4,0.8419092245678922,0.8971464680368557,[0.17783403 0.17644811 0.17760491 0.16927218 0.16468883]
