n_estimators,criterion,max_depth,test_score,train_score,fit_time
73,mae,5,0.8537635892206843,0.9166739306125843,[2.01890016 2.00064492 1.93210101 1.98022771 1.91556573]
