n_estimators,criterion,max_depth,test_score,train_score,fit_time
73,mse,5,0.8536413759530701,0.9158391518013383,[0.20135617 0.19751716 0.19741607 0.20311594 0.19652009]
