n_estimators,criterion,max_depth,test_score,train_score,fit_time
74,mse,2,0.7670453696353143,0.8057345159500686,[0.1286881  0.12772012 0.12632585 0.12745214 0.12304997]
