n_estimators,criterion,max_depth,test_score,train_score,fit_time
74,mae,2,0.7387662407539375,0.7636285366929132,[1.11877298 1.11853218 1.08262587 1.07819986 1.07195878]
