n_estimators,criterion,max_depth,test_score,train_score,fit_time
74,mae,3,0.8082860781334974,0.844808308482962,[1.50124383 1.46198106 1.43674803 1.44874382 1.43314791]
