n_estimators,criterion,max_depth,test_score,train_score,fit_time
75,mse,2,0.7674892624060534,0.8058850049322605,[0.13175225 0.12862206 0.12943673 0.12904096 0.12931895]
