n_estimators,criterion,max_depth,test_score,train_score,fit_time
75,mae,3,0.8082953206069344,0.8447986781483963,[1.5235579  1.48559928 1.45866203 1.47723913 1.45545983]
