n_estimators,criterion,max_depth,test_score,train_score,fit_time
75,mse,3,0.8144996429646281,0.8654910265082864,[0.15629983 0.15741682 0.15593481 0.15451193 0.14415288]
