n_estimators,criterion,max_depth,test_score,train_score,fit_time
75,mse,4,0.8418581178933898,0.8971951818806883,[0.17946172 0.18084788 0.17966199 0.17885089 0.1695292 ]
