n_estimators,criterion,max_depth,test_score,train_score,fit_time
75,mae,4,0.8392931789391301,0.8936476127298368,[1.83283615 1.78367162 1.75121307 1.76790714 1.74997187]
