n_estimators,criterion,max_depth,test_score,train_score,fit_time
75,mse,5,0.8534569625578895,0.9158263805626221,[0.20713496 0.2038269  0.20272207 0.19207907 0.19114113]
