n_estimators,criterion,max_depth,test_score,train_score,fit_time
75,mae,5,0.8537980699283583,0.9168488810037262,[2.08668017 2.05922985 2.00325298 2.03910494 1.98823714]
