n_estimators,criterion,max_depth,test_score,train_score,fit_time
76,mae,2,0.7394055792451268,0.7646654398223157,[1.15011501 1.13680792 1.10928202 1.12365723 1.11978483]
