n_estimators,criterion,max_depth,test_score,train_score,fit_time
76,mse,2,0.7675195069337194,0.8060896942587945,[0.13095713 0.1304698  0.13044596 0.12963295 0.12551498]
