n_estimators,criterion,max_depth,test_score,train_score,fit_time
76,mse,3,0.8146495196440741,0.8655923637724483,[0.15752697 0.15579414 0.15575504 0.15216208 0.14716911]
