n_estimators,criterion,max_depth,test_score,train_score,fit_time
76,mae,3,0.8084416631679687,0.8449602918965342,[1.54649091 1.54826808 1.49908113 1.53604388 1.48625207]
