n_estimators,criterion,max_depth,test_score,train_score,fit_time
76,mse,4,0.8420736870551006,0.8974048357720346,[0.18235421 0.18072486 0.17946601 0.17292309 0.16913199]
