n_estimators,criterion,max_depth,test_score,train_score,fit_time
76,mae,4,0.8393767808334724,0.8938244227327005,[1.86948395 1.83315778 1.78242302 1.81873202 1.78504395]
