n_estimators,criterion,max_depth,test_score,train_score,fit_time
76,mae,5,0.8536791064892373,0.9170112422484618,[2.12652493 2.09158087 2.03741479 2.05599904 2.01821208]
