n_estimators,criterion,max_depth,test_score,train_score,fit_time
76,mse,5,0.8535847947210586,0.9160312836497477,[0.20872092 0.20679307 0.20720625 0.19369602 0.19339299]
