n_estimators,criterion,max_depth,test_score,train_score,fit_time
77,mae,2,0.7397978633229902,0.7649865477100279,[1.16049075 1.15411997 1.12762213 1.14005208 1.1173811 ]
