n_estimators,criterion,max_depth,test_score,train_score,fit_time
77,mse,3,0.8147962879423858,0.8656109455560642,[0.15958619 0.15699601 0.15646315 0.15369487 0.14533019]
