n_estimators,criterion,max_depth,test_score,train_score,fit_time
77,mae,3,0.8086899047943114,0.8452739083091014,[1.56853318 1.51614809 1.50660205 1.50585914 1.52376699]
