n_estimators,criterion,max_depth,test_score,train_score,fit_time
77,mse,4,0.8420686535725841,0.8974776487758918,[0.18793702 0.18455505 0.20309997 0.17246008 0.16891885]
