n_estimators,criterion,max_depth,test_score,train_score,fit_time
77,mae,4,0.8393920422009344,0.8938705873895868,[1.92015696 1.85913587 1.80940795 1.82722998 1.80746102]
