n_estimators,criterion,max_depth,test_score,train_score,fit_time
77,mse,5,0.8535983103098836,0.9160433331606613,[0.21129918 0.21205783 0.20828199 0.19319201 0.19352508]
