n_estimators,criterion,max_depth,test_score,train_score,fit_time
78,mse,2,0.7674991331647639,0.8060540027487388,[0.13670778 0.13232112 0.13303018 0.13216209 0.12836814]
