n_estimators,criterion,max_depth,test_score,train_score,fit_time
78,mse,3,0.8146936676488652,0.8654074604890164,[0.16280293 0.16108918 0.16781116 0.15716887 0.15044713]
