n_estimators,criterion,max_depth,test_score,train_score,fit_time
78,mse,4,0.8419358810393043,0.897390161130226,[0.19056082 0.18821216 0.18910003 0.17560482 0.17110801]
