n_estimators,criterion,max_depth,test_score,train_score,fit_time
78,mse,5,0.8534478447720426,0.9159598695840746,[0.21408796 0.21105886 0.21011186 0.19668794 0.19938898]
