n_estimators,criterion,max_depth,test_score,train_score,fit_time
79,mae,2,0.7389233336845902,0.7642722834577643,[1.20521188 1.18746424 1.15184593 1.14973187 1.14902496]
