n_estimators,criterion,max_depth,test_score,train_score,fit_time
79,mse,2,0.767265051510585,0.8058897985823663,[0.13782811 0.13661599 0.13429403 0.13343287 0.12833524]
