n_estimators,criterion,max_depth,test_score,train_score,fit_time
79,mse,3,0.8147225786508955,0.865550255905632,[0.16533303 0.16074872 0.16266584 0.15933299 0.15367198]
