n_estimators,criterion,max_depth,test_score,train_score,fit_time
79,mse,4,0.8420417318034985,0.8973852250446596,[0.19237399 0.19306087 0.19149113 0.17709899 0.17740178]
