n_estimators,criterion,max_depth,test_score,train_score,fit_time
79,mae,4,0.8390541673846705,0.8938210026160771,[1.95390797 1.88674498 1.85488582 1.86860633 1.85342813]
