n_estimators,criterion,max_depth,test_score,train_score,fit_time
79,mse,5,0.8533795787219066,0.9159387196665774,[0.21770597 0.21423626 0.2136209  0.20608807 0.20160794]
