n_estimators,criterion,max_depth,test_score,train_score,fit_time
79,mae,5,0.8535121407616189,0.9170097953682713,[2.17424297 2.13663602 2.07966495 2.13376808 2.07416511]
