n_estimators,criterion,max_depth,test_score,train_score,fit_time
80,mae,2,0.7395740106517511,0.7648546990947211,[1.21269202 1.1930387  1.18135095 1.16460228 1.16138911]
