n_estimators,criterion,max_depth,test_score,train_score,fit_time
80,mse,3,0.8147480609929527,0.8653631473261569,[0.1669693  0.16504121 0.16665697 0.15767026 0.15033889]
