n_estimators,criterion,max_depth,test_score,train_score,fit_time
80,mae,3,0.8085698604747982,0.8450894085857504,[1.63237715 1.56876397 1.55675793 1.56175375 1.56125212]
