n_estimators,criterion,max_depth,test_score,train_score,fit_time
80,mae,4,0.8388687051295974,0.8936605403268203,[1.93842196 1.91036296 1.87694883 1.89415503 1.86471391]
