n_estimators,criterion,max_depth,test_score,train_score,fit_time
80,mae,5,0.8534459757923522,0.9168520084517402,[2.22474408 2.18185401 2.12082076 2.16983819 2.12201405]
