n_estimators,criterion,max_depth,test_score,train_score,fit_time
80,mse,5,0.8531544076674449,0.915806401594564,[0.21993709 0.21792817 0.21355391 0.20001101 0.20005727]
