n_estimators,criterion,max_depth,test_score,train_score,fit_time
81,mse,2,0.7674374778139008,0.8059333683304158,[0.14107323 0.13652992 0.1362741  0.13988423 0.13299298]
