n_estimators,criterion,max_depth,test_score,train_score,fit_time
81,mae,2,0.7398428880513765,0.7653709378195812,[1.22262597 1.20651388 1.17967892 1.19586587 1.18295097]
