n_estimators,criterion,max_depth,test_score,train_score,fit_time
81,mse,3,0.8147221835048792,0.8652871845648205,[0.1699841  0.16628623 0.16706896 0.16037607 0.15229583]
