n_estimators,criterion,max_depth,test_score,train_score,fit_time
81,mae,3,0.8085600216532276,0.845164820814667,[1.64311886 1.59936094 1.56740904 1.58509803 1.57017493]
