n_estimators,criterion,max_depth,test_score,train_score,fit_time
81,mse,4,0.8417994055511425,0.8971499048731074,[0.19799304 0.19255114 0.20938706 0.17850375 0.17868996]
