n_estimators,criterion,max_depth,test_score,train_score,fit_time
81,mae,4,0.8389999803070731,0.8935800229891608,[1.98641324 1.93153691 1.90076303 1.91027379 1.89821887]
