n_estimators,criterion,max_depth,test_score,train_score,fit_time
81,mae,5,0.8535237063948147,0.9167754419255383,[2.23222709 2.21013093 2.15174103 2.21026301 2.14013529]
