n_estimators,criterion,max_depth,test_score,train_score,fit_time
81,mse,5,0.8530051432273466,0.9157350671010217,[0.22292399 0.22253895 0.21302676 0.20188189 0.20677471]
