n_estimators,criterion,max_depth,test_score,train_score,fit_time
82,mse,3,0.8147408334846101,0.8651933414626576,[0.17187715 0.1708231  0.17042089 0.16245079 0.15989614]
