n_estimators,criterion,max_depth,test_score,train_score,fit_time
82,mae,3,0.8086733162101684,0.8452762499047519,[1.66107297 1.62281799 1.59223604 1.6085887  1.59158611]
