n_estimators,criterion,max_depth,test_score,train_score,fit_time
82,mae,4,0.8393003734282549,0.8936234516375692,[1.99759626 1.95337701 1.93164611 1.94189692 1.90770316]
