n_estimators,criterion,max_depth,test_score,train_score,fit_time
82,mse,4,0.8420016580895746,0.8971017414133357,[0.19772482 0.19614196 0.19666314 0.18283916 0.18695402]
