n_estimators,criterion,max_depth,test_score,train_score,fit_time
83,mse,2,0.767459778823894,0.8059276195872783,[0.14743114 0.14349389 0.14116216 0.14232278 0.13161612]
