n_estimators,criterion,max_depth,test_score,train_score,fit_time
83,mae,3,0.8084728881605331,0.8452578968697468,[1.68385792 1.63987708 1.62351704 1.63375902 1.61554503]
