n_estimators,criterion,max_depth,test_score,train_score,fit_time
83,mse,3,0.8145021951792113,0.8651245146642215,[0.17033696 0.16998506 0.17112684 0.16387773 0.16103005]
