n_estimators,criterion,max_depth,test_score,train_score,fit_time
83,mse,4,0.8419218639455057,0.8970768876427719,[0.20080328 0.19771981 0.19846702 0.18773794 0.18651009]
