n_estimators,criterion,max_depth,test_score,train_score,fit_time
83,mae,4,0.8391350963125163,0.8935375562476178,[2.05025196 1.98977828 1.93781877 1.96191597 1.93402433]
