n_estimators,criterion,max_depth,test_score,train_score,fit_time
83,mae,5,0.853577373956148,0.9167174326678754,[2.29608393 2.24963999 2.18585205 2.23221087 2.17782807]
