n_estimators,criterion,max_depth,test_score,train_score,fit_time
83,mse,5,0.8530759306218052,0.9156924379603547,[0.22710204 0.22662282 0.22056508 0.21460104 0.20774293]
