n_estimators,criterion,max_depth,test_score,train_score,fit_time
84,mse,2,0.7673898204569007,0.8062148425775923,[0.14451194 0.14344597 0.14273787 0.14373398 0.13618422]
