n_estimators,criterion,max_depth,test_score,train_score,fit_time
84,mae,2,0.7391364249425795,0.7646754682868246,[1.28490615 1.24657297 1.23077917 1.22759509 1.22624922]
