n_estimators,criterion,max_depth,test_score,train_score,fit_time
84,mae,3,0.8080464060612587,0.8451890564276315,[1.77567267 1.70609617 1.64105892 1.64583182 1.63479209]
