n_estimators,criterion,max_depth,test_score,train_score,fit_time
84,mse,3,0.8145922302602392,0.8651916353991653,[0.17491293 0.17416096 0.17083812 0.16304708 0.16168404]
