n_estimators,criterion,max_depth,test_score,train_score,fit_time
84,mae,4,0.8390711443145629,0.8933921780449877,[2.04974365 2.01168799 1.96398687 1.98977399 1.96070194]
