n_estimators,criterion,max_depth,test_score,train_score,fit_time
84,mse,4,0.8420711879405385,0.8970670442524835,[0.20122004 0.2017498  0.19895911 0.18445396 0.18939686]
