n_estimators,criterion,max_depth,test_score,train_score,fit_time
84,mae,5,0.8537333954486248,0.9166289126728229,[2.32286906 2.28586102 2.22362304 2.27252412 2.21587873]
