n_estimators,criterion,max_depth,test_score,train_score,fit_time
85,mse,2,0.7674944749078088,0.8061399940315319,[0.14659882 0.14373302 0.14504409 0.14411688 0.13622093]
