n_estimators,criterion,max_depth,test_score,train_score,fit_time
85,mae,2,0.7387613041026361,0.7644763935080603,[1.29063416 1.25999188 1.24619007 1.24494624 1.23477912]
