n_estimators,criterion,max_depth,test_score,train_score,fit_time
85,mse,3,0.8147732107691201,0.8651798197052909,[0.17532396 0.17494178 0.17527294 0.16705775 0.1649332 ]
