n_estimators,criterion,max_depth,test_score,train_score,fit_time
85,mae,4,0.8389817843561291,0.8932854404423877,[2.07481027 2.04291582 1.99146318 2.03643894 1.97842789]
