n_estimators,criterion,max_depth,test_score,train_score,fit_time
85,mse,5,0.8530351439086082,0.9156050494240843,[0.23351502 0.22685814 0.22241092 0.21756601 0.21775699]
