n_estimators,criterion,max_depth,test_score,train_score,fit_time
85,mae,5,0.8538795294177381,0.9166043477730753,[2.34594893 2.31315207 2.25867915 2.33765411 2.27863979]
