n_estimators,criterion,max_depth,test_score,train_score,fit_time
86,mae,2,0.7383895098169552,0.7643869444069067,[1.31062818 1.27925467 1.26199293 1.27139306 1.26406074]
