n_estimators,criterion,max_depth,test_score,train_score,fit_time
86,mse,2,0.7673156571573692,0.8062851811066276,[0.15034604 0.14772391 0.14720297 0.14615989 0.13518691]
