n_estimators,criterion,max_depth,test_score,train_score,fit_time
86,mse,4,0.8422988641235406,0.8971103210394376,[0.21276808 0.20667529 0.20406008 0.19463396 0.19000196]
