n_estimators,criterion,max_depth,test_score,train_score,fit_time
86,mae,4,0.8389978117061906,0.8933214348882237,[2.10732794 2.09323812 2.02678609 2.07579184 2.02123809]
