n_estimators,criterion,max_depth,test_score,train_score,fit_time
86,mse,5,0.8530676502448072,0.9156507759313989,[0.24068689 0.23479009 0.2291131  0.21552634 0.22796988]
