n_estimators,criterion,max_depth,test_score,train_score,fit_time
87,mse,2,0.7673324676548059,0.8061649414256726,[0.15043378 0.14736724 0.14711499 0.14825511 0.14028382]
