n_estimators,criterion,max_depth,test_score,train_score,fit_time
87,mae,2,0.7382266933677674,0.7641409709213898,[1.33396506 1.29719687 1.2888031  1.28053689 1.27024198]
