n_estimators,criterion,max_depth,test_score,train_score,fit_time
87,mae,3,0.8080505767811268,0.8448867766361534,[1.77496314 1.72699499 1.69844508 1.71722913 1.7090199 ]
