n_estimators,criterion,max_depth,test_score,train_score,fit_time
87,mse,3,0.8144568754922087,0.8652645760000055,[0.17972589 0.17866421 0.17599893 0.16711688 0.16852713]
