n_estimators,criterion,max_depth,test_score,train_score,fit_time
87,mse,4,0.8422999801549944,0.8971172075971865,[0.20957804 0.20871305 0.20549679 0.19408798 0.19705391]
