n_estimators,criterion,max_depth,test_score,train_score,fit_time
87,mse,5,0.8530611088055092,0.9156670245402794,[0.25837803 0.23745298 0.22660184 0.22250175 0.23943686]
