n_estimators,criterion,max_depth,test_score,train_score,fit_time
87,mae,5,0.8538928528413209,0.9165884562520586,[2.40863419 2.38257408 2.31161714 2.3772831  2.29919624]
