n_estimators,criterion,max_depth,test_score,train_score,fit_time
88,mae,2,0.7379633615206493,0.7638831461335245,[1.33603311 1.31231689 1.29665995 1.2909379  1.28252721]
