n_estimators,criterion,max_depth,test_score,train_score,fit_time
88,mse,3,0.8142191000007977,0.8651967769994787,[0.18428326 0.1834929  0.18278503 0.17482519 0.16559792]
