n_estimators,criterion,max_depth,test_score,train_score,fit_time
88,mae,3,0.8079262990698229,0.8449196627162561,[1.78976488 1.75591397 1.72490788 1.7312603  1.74055195]
