n_estimators,criterion,max_depth,test_score,train_score,fit_time
88,mse,4,0.8421747826876125,0.8971068100336488,[0.22740197 0.21693802 0.21006513 0.19721174 0.19344807]
