n_estimators,criterion,max_depth,test_score,train_score,fit_time
88,mae,4,0.8387468955745561,0.8932931762400573,[2.15457892 2.10197401 2.07419801 2.08144999 2.05184197]
