n_estimators,criterion,max_depth,test_score,train_score,fit_time
88,mae,5,0.8538603400036713,0.9165791402901773,[2.42470717 2.38706398 2.33688688 2.39275408 2.33361912]
