n_estimators,criterion,max_depth,test_score,train_score,fit_time
88,mse,5,0.8529017027845652,0.9156513881093952,[0.2478478  0.24109316 0.23339224 0.22085214 0.23463178]
