n_estimators,criterion,max_depth,test_score,train_score,fit_time
89,mse,3,0.8143341727964749,0.8651744311606648,[0.18551016 0.18371511 0.18380594 0.17567611 0.1671617 ]
