n_estimators,criterion,max_depth,test_score,train_score,fit_time
89,mae,4,0.8389302621059874,0.8932545548676796,[2.16045499 2.11852098 2.08024597 2.11400342 2.07378793]
