n_estimators,criterion,max_depth,test_score,train_score,fit_time
89,mse,5,0.8529827358531655,0.9156583456681598,[0.2497952  0.24746013 0.23319077 0.22312808 0.24862528]
