n_estimators,criterion,max_depth,test_score,train_score,fit_time
89,mae,5,0.8539225823768841,0.9165285039111334,[2.44468713 2.41302085 2.34600496 2.39827418 2.34028697]
