n_estimators,criterion,max_depth,test_score,train_score,fit_time
90,mae,2,0.7377718703838505,0.7639028651523934,[1.35948014 1.33019185 1.31768394 1.31565619 1.30807495]
