n_estimators,criterion,max_depth,test_score,train_score,fit_time
90,mse,2,0.7672910829967876,0.8059611224323179,[0.15547705 0.15569901 0.15454292 0.15051603 0.14362097]
