n_estimators,criterion,max_depth,test_score,train_score,fit_time
90,mae,3,0.8079550770960351,0.8449929552990753,[1.82101202 1.78020096 1.74709296 1.7626369  1.74224424]
