n_estimators,criterion,max_depth,test_score,train_score,fit_time
90,mae,4,0.8387922987514939,0.8934207077530042,[2.18029785 2.14501715 2.10196018 2.14102602 2.08827591]
