n_estimators,criterion,max_depth,test_score,train_score,fit_time
90,mse,5,0.8530724829359212,0.9157918569468928,[0.25187087 0.24530315 0.23303914 0.22938514 0.24193621]
