n_estimators,criterion,max_depth,test_score,train_score,fit_time
90,mae,5,0.8538921598230708,0.9167508941201159,[2.46918821 2.44755411 2.39616299 2.42428589 2.37384701]
