n_estimators,criterion,max_depth,test_score,train_score,fit_time
91,mae,2,0.7374788326044651,0.7637871400780917,[1.39016128 1.3480792  1.33796573 1.34424019 1.32853508]
