n_estimators,criterion,max_depth,test_score,train_score,fit_time
91,mse,2,0.7671491910168583,0.8058112304358213,[0.16050816 0.15373492 0.15482283 0.15241194 0.14146304]
