n_estimators,criterion,max_depth,test_score,train_score,fit_time
91,mae,3,0.8079817172792187,0.8449230247322914,[1.84904981 1.81969881 1.77678823 1.78646517 1.80032396]
