n_estimators,criterion,max_depth,test_score,train_score,fit_time
91,mse,3,0.8144430353740638,0.8651694699931932,[0.18850923 0.18753314 0.18614388 0.17881966 0.17196202]
