n_estimators,criterion,max_depth,test_score,train_score,fit_time
91,mse,4,0.8422923144041302,0.8971469809792433,[0.22042608 0.21917796 0.21910405 0.21401501 0.20037079]
