n_estimators,criterion,max_depth,test_score,train_score,fit_time
91,mae,4,0.838751486255808,0.893331824354954,[2.28425503 2.18493295 2.12501812 2.15048504 2.12767005]
