n_estimators,criterion,max_depth,test_score,train_score,fit_time
91,mse,5,0.853008833445006,0.9157633461006686,[0.26086903 0.25073385 0.23671293 0.22892427 0.24501705]
