n_estimators,criterion,max_depth,test_score,train_score,fit_time
91,mae,5,0.8537516650355128,0.9167056180545601,[2.51252294 2.4632709  2.40172005 2.44836116 2.40383101]
