n_estimators,criterion,max_depth,test_score,train_score,fit_time
92,mse,2,0.7671228359465516,0.8057302509565061,[0.16050816 0.15635085 0.15671992 0.15620184 0.14625001]
