n_estimators,criterion,max_depth,test_score,train_score,fit_time
92,mae,2,0.7372548113458235,0.7636045345588549,[1.41314363 1.35864902 1.34521508 1.34629607 1.34649897]
