n_estimators,criterion,max_depth,test_score,train_score,fit_time
92,mae,4,0.8389054446564534,0.8933685964504802,[2.2425108  2.19731498 2.14841032 2.18223691 2.14914417]
