n_estimators,criterion,max_depth,test_score,train_score,fit_time
92,mae,5,0.8537892156423244,0.9167183799297183,[2.51914716 2.4941051  2.43313885 2.48982716 2.41877413]
