n_estimators,criterion,max_depth,test_score,train_score,fit_time
92,mse,5,0.8531494144643128,0.9157467559809028,[0.25775409 0.24814987 0.24129009 0.23669028 0.25220466]
