n_estimators,criterion,max_depth,test_score,train_score,fit_time
93,mse,2,0.7669580437067369,0.8056414943599112,[0.16163301 0.16365314 0.16225886 0.15755892 0.15198708]
