n_estimators,criterion,max_depth,test_score,train_score,fit_time
93,mae,2,0.738001708951822,0.7641382605908793,[1.41119003 1.36630797 1.36606812 1.35713983 1.35560107]
