n_estimators,criterion,max_depth,test_score,train_score,fit_time
93,mae,3,0.808037139083145,0.8448492709458264,[1.87906814 1.83252215 1.82731509 1.84302378 1.82131577]
