n_estimators,criterion,max_depth,test_score,train_score,fit_time
93,mse,4,0.8423818924858146,0.8969945999528524,[0.22646594 0.22499824 0.21873403 0.20511794 0.21434593]
