n_estimators,criterion,max_depth,test_score,train_score,fit_time
93,mae,4,0.8390064801098542,0.8932212575161399,[2.26216578 2.23130918 2.19118094 2.2115941  2.17475581]
