n_estimators,criterion,max_depth,test_score,train_score,fit_time
93,mse,5,0.8531013790920505,0.915623661474154,[0.25935888 0.25379395 0.24179983 0.24204993 0.25521111]
