n_estimators,criterion,max_depth,test_score,train_score,fit_time
93,mae,5,0.8537038555575898,0.9165576214912392,[2.58349013 2.53334594 2.46927905 2.50378275 2.45822096]
