n_estimators,criterion,max_depth,test_score,train_score,fit_time
94,mae,2,0.7379478440234153,0.7640262930814576,[1.43535423 1.38615417 1.40567088 1.40976501 1.37637806]
