n_estimators,criterion,max_depth,test_score,train_score,fit_time
94,mse,3,0.8147369724742782,0.865323135529084,[0.19574618 0.19208598 0.19235921 0.18285799 0.18746805]
