n_estimators,criterion,max_depth,test_score,train_score,fit_time
94,mae,3,0.8082577405132728,0.844907851360184,[1.91397715 1.86934495 1.84970117 1.85528183 1.84206605]
