n_estimators,criterion,max_depth,test_score,train_score,fit_time
94,mse,4,0.8426800936626012,0.8970633957934544,[0.23256588 0.22394514 0.21890426 0.21082091 0.23632097]
