n_estimators,criterion,max_depth,test_score,train_score,fit_time
94,mae,4,0.8392030705455589,0.8932369178518256,[2.30623126 2.26679707 2.21818089 2.2267921  2.20021701]
