n_estimators,criterion,max_depth,test_score,train_score,fit_time
94,mae,5,0.8538223730828488,0.9165678114329013,[2.59191298 2.55097294 2.49053788 2.53111696 2.47730494]
