n_estimators,criterion,max_depth,test_score,train_score,fit_time
94,mse,5,0.8533239957434248,0.9156906379642162,[0.25909567 0.25702691 0.24458098 0.24159312 0.25242019]
