n_estimators,criterion,max_depth,test_score,train_score,fit_time
95,mae,2,0.7377453203309201,0.7638236866470057,[1.45102215 1.40212989 1.38710308 1.39020705 1.37875009]
