n_estimators,criterion,max_depth,test_score,train_score,fit_time
95,mse,3,0.8146699957917086,0.8652808895163571,[0.19638491 0.19555211 0.19543505 0.18450403 0.18298793]
