n_estimators,criterion,max_depth,test_score,train_score,fit_time
95,mae,3,0.8082981642790005,0.8448326480538304,[1.91811562 1.88647294 1.86129594 1.86850786 1.84170699]
