n_estimators,criterion,max_depth,test_score,train_score,fit_time
95,mae,4,0.8391321529754867,0.8932020546416763,[2.30560613 2.29528689 2.23984623 2.25984406 2.22280717]
