n_estimators,criterion,max_depth,test_score,train_score,fit_time
95,mse,5,0.8531536450547827,0.9157091363709814,[0.26311898 0.26371312 0.24999499 0.24510288 0.26500893]
