n_estimators,criterion,max_depth,test_score,train_score,fit_time
95,mae,5,0.8538239728519794,0.9165828104581675,[2.61970973 2.60665512 2.54855609 2.59222412 2.50447893]
