n_estimators,criterion,max_depth,test_score,train_score,fit_time
96,mae,2,0.7382438644453717,0.7640206710615866,[1.46615887 1.41429305 1.43256903 1.41629815 1.40559483]
