n_estimators,criterion,max_depth,test_score,train_score,fit_time
96,mse,2,0.7670699455152574,0.8055189351871708,[0.17427897 0.16526103 0.16454792 0.15710306 0.15421796]
