n_estimators,criterion,max_depth,test_score,train_score,fit_time
96,mse,3,0.8147021428680645,0.8653541864901637,[0.19941401 0.19862175 0.19899869 0.1832757  0.18629599]
