n_estimators,criterion,max_depth,test_score,train_score,fit_time
96,mae,3,0.8084054410620503,0.8448938599803417,[1.94872403 1.90464115 1.88176703 1.89465094 1.8993721 ]
