n_estimators,criterion,max_depth,test_score,train_score,fit_time
96,mse,4,0.842355498761205,0.8970845986999312,[0.23198795 0.22978806 0.23675203 0.23652506 0.22909403]
