n_estimators,criterion,max_depth,test_score,train_score,fit_time
96,mae,5,0.8538948883316577,0.9166190349205523,[2.64496112 2.62244511 2.55843186 2.59961009 2.56734324]
