n_estimators,criterion,max_depth,test_score,train_score,fit_time
96,mse,5,0.8532242807570409,0.915768183979375,[0.27455997 0.26064491 0.24951005 0.24071503 0.25880814]
