n_estimators,criterion,max_depth,test_score,train_score,fit_time
97,mse,2,0.766968735266249,0.8054498162481945,[0.17833018 0.17674804 0.17527509 0.16691709 0.15787959]
