n_estimators,criterion,max_depth,test_score,train_score,fit_time
97,mse,3,0.8146392973595689,0.8652978609758822,[0.20249605 0.20396328 0.19940186 0.18778396 0.20403194]
