n_estimators,criterion,max_depth,test_score,train_score,fit_time
97,mae,3,0.8084297947011914,0.8448023256616413,[1.96295786 1.91460681 1.89547586 1.89569616 1.88164783]
