n_estimators,criterion,max_depth,test_score,train_score,fit_time
97,mae,4,0.8391540270633054,0.8930637082804965,[2.35818505 2.31703901 2.28032708 2.30265903 2.28962874]
