n_estimators,criterion,max_depth,test_score,train_score,fit_time
97,mse,4,0.8422845767532712,0.8971374172874492,[0.26241684 0.2702682  0.23382998 0.24582505 0.23870015]
