n_estimators,criterion,max_depth,test_score,train_score,fit_time
97,mae,5,0.8538483351270564,0.9165801104014155,[2.67632699 2.64023614 2.56969213 2.61028695 2.5627799 ]
