n_estimators,criterion,max_depth,test_score,train_score,fit_time
97,mse,5,0.8532643563524409,0.9158305854354831,[0.26900315 0.27090812 0.26533175 0.26538181 0.26217318]
