n_estimators,criterion,max_depth,test_score,train_score,fit_time
98,mse,2,0.7673677180408042,0.8054476552800027,[0.17186213 0.16566396 0.18386102 0.15825891 0.15239692]
