n_estimators,criterion,max_depth,test_score,train_score,fit_time
98,mae,3,0.8083758691333083,0.8447803414621958,[1.98232198 1.94179106 1.93513608 1.95199919 1.9102962 ]
