n_estimators,criterion,max_depth,test_score,train_score,fit_time
98,mse,3,0.8147904731992647,0.8652927738719661,[0.20449615 0.19857311 0.20178699 0.18385291 0.18445802]
