n_estimators,criterion,max_depth,test_score,train_score,fit_time
98,mse,4,0.8424475653944015,0.8971244454766196,[0.23749185 0.2343781  0.22464991 0.21414924 0.23312497]
