n_estimators,criterion,max_depth,test_score,train_score,fit_time
98,mae,4,0.8392872912277378,0.8930297856180476,[2.38756299 2.34816003 2.29700685 2.33720398 2.28622198]
