n_estimators,criterion,max_depth,test_score,train_score,fit_time
99,mse,2,0.7672584006991124,0.8054092110583255,[0.17072797 0.17155385 0.16990709 0.1629262  0.16043115]
