n_estimators,criterion,max_depth,test_score,train_score,fit_time
99,mae,2,0.7379946307101264,0.7638144005022554,[1.52323103 1.45517111 1.45067978 1.45351028 1.44236684]
