n_estimators,criterion,max_depth,test_score,train_score,fit_time
99,mse,3,0.8147242012618812,0.8652011900290564,[0.20701408 0.20371819 0.20434213 0.19112229 0.18916798]
