n_estimators,criterion,max_depth,test_score,train_score,fit_time
99,mae,3,0.8082930261362199,0.8447791015377313,[2.01157188 1.94979978 1.93263197 1.94331217 1.92600608]
