n_estimators,criterion,max_depth,test_score,train_score,fit_time
99,mse,4,0.8425128374623441,0.8971156477153179,[0.24206781 0.24057102 0.25729609 0.22072911 0.23312283]
