n_estimators,criterion,max_depth,test_score,train_score,fit_time
99,mae,4,0.8392125540083437,0.8929974468600275,[2.40148997 2.36131597 2.31820798 2.34494972 2.30873013]
