n_estimators,criterion,max_depth,test_score,train_score,fit_time
99,mse,5,0.8532735583766223,0.915816289394793,[0.27573895 0.26904488 0.25066876 0.24994278 0.26857209]
