n_estimators,criterion,max_depth,test_score,train_score,fit_time
99,mae,5,0.8538096305362213,0.9165579658312188,[2.71680689 2.68926907 2.61470294 2.68148017 2.61820912]
